-- phpMyAdmin SQL Dump
-- version 4.0.10deb1
-- http://www.phpmyadmin.net
--
-- Host: localhost
-- Generation Time: May 05, 2016 at 10:25 AM
-- Server version: 5.5.49-0ubuntu0.14.04.1
-- PHP Version: 5.5.9-1ubuntu4.16

SET SQL_MODE = "NO_AUTO_VALUE_ON_ZERO";
SET time_zone = "+00:00";


/*!40101 SET @OLD_CHARACTER_SET_CLIENT=@@CHARACTER_SET_CLIENT */;
/*!40101 SET @OLD_CHARACTER_SET_RESULTS=@@CHARACTER_SET_RESULTS */;
/*!40101 SET @OLD_COLLATION_CONNECTION=@@COLLATION_CONNECTION */;
/*!40101 SET NAMES utf8 */;

--
-- Database: `ci_resto`
--

-- --------------------------------------------------------

--
-- Table structure for table `confirmations`
--

CREATE TABLE IF NOT EXISTS `confirmations` (
  `id` int(11) NOT NULL AUTO_INCREMENT,
  `bank_name` varchar(40) NOT NULL,
  `account_name` varchar(20) NOT NULL,
  `bank_destination` enum('BNI','BRI','MANDIRI','MUAMALAT') NOT NULL,
  `amount` double NOT NULL,
  `date` date NOT NULL,
  `check` tinyint(1) NOT NULL,
  PRIMARY KEY (`id`)
) ENGINE=InnoDB  DEFAULT CHARSET=latin1 AUTO_INCREMENT=15 ;

--
-- Dumping data for table `confirmations`
--

INSERT INTO `confirmations` (`id`, `bank_name`, `account_name`, `bank_destination`, `amount`, `date`, `check`) VALUES
(13, 'MANDIRI', 'ANDY NUR', 'MANDIRI', 9600000, '2016-05-05', 1),
(14, 'MUAMALAT', 'ANDY NUR', 'MUAMALAT', 1255000, '2016-05-05', 0);

-- --------------------------------------------------------

--
-- Table structure for table `groups`
--

CREATE TABLE IF NOT EXISTS `groups` (
  `id` tinyint(1) NOT NULL AUTO_INCREMENT,
  `name` varchar(25) NOT NULL,
  PRIMARY KEY (`id`)
) ENGINE=InnoDB  DEFAULT CHARSET=latin1 AUTO_INCREMENT=3 ;

--
-- Dumping data for table `groups`
--

INSERT INTO `groups` (`id`, `name`) VALUES
(1, 'Admin'),
(2, 'Member');

-- --------------------------------------------------------

--
-- Table structure for table `invoices`
--

CREATE TABLE IF NOT EXISTS `invoices` (
  `id` int(10) NOT NULL AUTO_INCREMENT,
  `date` datetime NOT NULL,
  `due_date` datetime NOT NULL,
  `user_id` int(10) NOT NULL,
  `status` enum('unpaid','paid','confirmed','canceled','expired','approved') NOT NULL,
  `confirmation_id` int(11) DEFAULT NULL,
  PRIMARY KEY (`id`),
  KEY `user_id` (`user_id`),
  KEY `confirmation_id` (`confirmation_id`)
) ENGINE=InnoDB  DEFAULT CHARSET=latin1 AUTO_INCREMENT=22 ;

--
-- Dumping data for table `invoices`
--

INSERT INTO `invoices` (`id`, `date`, `due_date`, `user_id`, `status`, `confirmation_id`) VALUES
(20, '2016-05-05 08:42:07', '2016-05-06 08:42:07', 2, 'paid', 13),
(21, '2016-05-05 08:50:30', '2016-05-06 08:50:30', 2, 'confirmed', 14);

-- --------------------------------------------------------

--
-- Table structure for table `orders`
--

CREATE TABLE IF NOT EXISTS `orders` (
  `id` int(10) NOT NULL AUTO_INCREMENT,
  `invoice_id` int(10) NOT NULL,
  `product_id` int(10) NOT NULL,
  `product_name` varchar(50) NOT NULL,
  `qty` int(3) NOT NULL,
  `price` int(9) NOT NULL,
  `options` text NOT NULL,
  PRIMARY KEY (`id`),
  KEY `invoice_id` (`invoice_id`),
  KEY `product_id` (`product_id`)
) ENGINE=InnoDB  DEFAULT CHARSET=latin1 AUTO_INCREMENT=55 ;

--
-- Dumping data for table `orders`
--

INSERT INTO `orders` (`id`, `invoice_id`, `product_id`, `product_name`, `qty`, `price`, `options`) VALUES
(50, 20, 37, 'Pizza Glow', 2, 89000, ''),
(51, 20, 38, 'Pizza Mamboo', 3, 130000, ''),
(52, 21, 34, 'Pizza Tasty', 3, 95000, ''),
(53, 21, 36, 'Pizza Mozarella', 2, 105000, ''),
(54, 21, 39, 'Pizza Jumbo', 4, 190000, '');

-- --------------------------------------------------------

--
-- Table structure for table `products`
--

CREATE TABLE IF NOT EXISTS `products` (
  `id` int(10) NOT NULL AUTO_INCREMENT,
  `name` varchar(50) NOT NULL,
  `description` text NOT NULL,
  `price` int(9) NOT NULL,
  `stock` int(3) NOT NULL,
  `image` text NOT NULL,
  PRIMARY KEY (`id`)
) ENGINE=InnoDB  DEFAULT CHARSET=latin1 AUTO_INCREMENT=42 ;

--
-- Dumping data for table `products`
--

INSERT INTO `products` (`id`, `name`, `description`, `price`, `stock`, `image`) VALUES
(33, 'Pizza Spicy', 'Spicy awww ndass mu', 65000, 10, '2f25d93bd68974a8e969767e7ca5427f.jpg'),
(34, 'Pizza Tasty', 'Tastyyyy oww yeah', 95000, 8, '5894e6ac64cee0e0f9ed179d3adc135c.jpg'),
(35, 'Pizza Crunch', 'Crunchy rasa dan nikmatnya', 76000, 8, '515628bb8c3d4086504d5a377b6325fe.jpg'),
(36, 'Pizza Mozarella', 'Dengan Keju Mozarella yang amat lezat.', 105000, 5, '93896521e2b2e0ee7bf59b7ab510305b.jpg'),
(37, 'Pizza Glow', 'Pizza penak tenan bro', 89000, 9, '74874afa39abafaef07439c8c0874433.jpg'),
(38, 'Pizza Mamboo', 'Pizza mamboo dengan bambu pilihan', 130000, 1, '37e44409887d06101d654cfafc96fb86.jpg'),
(39, 'Pizza Jumbo', 'Jumbo porsi nya jumbo harganya huahua', 190000, 3, '839d6e7d611715151467c28a7fc64bcb.jpg'),
(40, 'Pizza Kismis', 'Taburan kismis membuatnya semakin manis', 90000, 9, '1801e9b66a66605a608ede901f8198cd.jpg'),
(41, 'Pizza Prancis', 'Rasakan sensasi pizza dibawah menara eiffel', 250000, 2, '7f3e858b5bc92d34904e1d5d9f001d7f.jpg');

-- --------------------------------------------------------

--
-- Table structure for table `toko_sessions`
--

CREATE TABLE IF NOT EXISTS `toko_sessions` (
  `id` varchar(40) NOT NULL,
  `ip_address` varchar(45) NOT NULL,
  `timestamp` int(10) unsigned NOT NULL DEFAULT '0',
  `data` blob NOT NULL,
  KEY `ci_sessions_timestamp` (`timestamp`)
) ENGINE=InnoDB DEFAULT CHARSET=latin1;

--
-- Dumping data for table `toko_sessions`
--

INSERT INTO `toko_sessions` (`id`, `ip_address`, `timestamp`, `data`) VALUES
('388a64c64d2b2448baf1ace3354ee1270063e1f3', '127.0.0.1', 1461722067, 0x5f5f63695f6c6173745f726567656e65726174657c693a313436313732313930333b757365726e616d657c733a343a22616e6479223b67726f75707c733a313a2232223b),
('6e6d85447aeb50eb3b2aee87110a823584045b18', '127.0.0.1', 1461723073, 0x5f5f63695f6c6173745f726567656e65726174657c693a313436313732323738353b757365726e616d657c733a343a22616e6479223b67726f75707c733a313a2232223b),
('4f915c4a8435f4d2058f89d526b5cf6af769eff2', '127.0.0.1', 1461723227, 0x5f5f63695f6c6173745f726567656e65726174657c693a313436313732333039363b757365726e616d657c733a343a22616e6479223b67726f75707c733a313a2232223b),
('1100b88ae4c2b82ae2486c4f56ef30f2d10d05ba', '127.0.0.1', 1461723966, 0x5f5f63695f6c6173745f726567656e65726174657c693a313436313732333637303b757365726e616d657c733a343a22616e6479223b67726f75707c733a313a2232223b706573616e7c613a333a7b733a373a226d657373616765223b733a33353a224b616d6920616b616e206d656e676563656b2070656d6261796172616e20416e64612e223b733a353a22636c617373223b733a373a2273756363657373223b733a353a227469746c65223b733a383a22426572686173696c223b7d5f5f63695f766172737c613a313a7b733a353a22706573616e223b733a333a226f6c64223b7d),
('7e049a6a863d4bc2ce5e9fdb38b73788846ddd25', '127.0.0.1', 1461724263, 0x5f5f63695f6c6173745f726567656e65726174657c693a313436313732343030323b757365726e616d657c733a343a22616e6479223b67726f75707c733a313a2232223b),
('c4c2e63283018daf5c868e75cb75083ede470774', '127.0.0.1', 1461724661, 0x5f5f63695f6c6173745f726567656e65726174657c693a313436313732343336343b757365726e616d657c733a343a22616e6479223b67726f75707c733a313a2232223b),
('5572e23eeac638f4c681965157477f129b3610b6', '127.0.0.1', 1461724967, 0x5f5f63695f6c6173745f726567656e65726174657c693a313436313732343638313b757365726e616d657c733a343a22616e6479223b67726f75707c733a313a2232223b636172745f636f6e74656e74737c613a333a7b733a31303a22636172745f746f74616c223b643a37363030303b733a31313a22746f74616c5f6974656d73223b643a313b733a33323a223163333833636433306237633239386162353032393361646665636237623138223b613a363a7b733a323a226964223b733a323a223335223b733a333a22717479223b643a313b733a353a227072696365223b643a37363030303b733a343a226e616d65223b733a31323a2250697a7a61204372756e6368223b733a353a22726f776964223b733a33323a223163333833636433306237633239386162353032393361646665636237623138223b733a383a22737562746f74616c223b643a37363030303b7d7d),
('e0ccce63ad46277af39d9030c4ca58784b93cfb5', '127.0.0.1', 1461725068, 0x5f5f63695f6c6173745f726567656e65726174657c693a313436313732343938343b757365726e616d657c733a343a22616e6479223b67726f75707c733a313a2232223b),
('b8efe9a107949363b5beb08016c36a926e539454', '127.0.0.1', 1461725534, 0x5f5f63695f6c6173745f726567656e65726174657c693a313436313732353533343b757365726e616d657c733a343a22616e6479223b67726f75707c733a313a2232223b),
('e0b4a3640548f62385499d0db8e0f708d2de373b', '127.0.0.1', 1461726602, 0x5f5f63695f6c6173745f726567656e65726174657c693a313436313732363630313b757365726e616d657c733a343a22616e6479223b67726f75707c733a313a2232223b),
('e61558460701858b85cfe228286df6d3dbf04a57', '127.0.0.1', 1461727854, 0x5f5f63695f6c6173745f726567656e65726174657c693a313436313732373635313b757365726e616d657c733a343a22616e6479223b67726f75707c733a313a2232223b706573616e7c613a333a7b733a373a226d657373616765223b733a33353a224b616d6920616b616e206d656e676563656b2070656d6261796172616e20416e64612e223b733a353a22636c617373223b733a373a2273756363657373223b733a353a227469746c65223b733a383a22426572686173696c223b7d5f5f63695f766172737c613a313a7b733a353a22706573616e223b733a333a226f6c64223b7d),
('14b41ccc2873fa51e2b6dc60122dfc40dda34273', '127.0.0.1', 1461738980, 0x5f5f63695f6c6173745f726567656e65726174657c693a313436313733383639373b636172745f636f6e74656e74737c613a353a7b733a31303a22636172745f746f74616c223b643a3331323030303b733a31313a22746f74616c5f6974656d73223b643a343b733a33323a223138326265306335636463643530373262623138363463646565346433643665223b613a363a7b733a323a226964223b733a323a223333223b733a333a22717479223b643a313b733a353a227072696365223b643a36353030303b733a343a226e616d65223b733a31313a2250697a7a61205370696379223b733a353a22726f776964223b733a33323a223138326265306335636463643530373262623138363463646565346433643665223b733a383a22737562746f74616c223b643a36353030303b7d733a33323a223163333833636433306237633239386162353032393361646665636237623138223b613a363a7b733a323a226964223b733a323a223335223b733a333a22717479223b643a323b733a353a227072696365223b643a37363030303b733a343a226e616d65223b733a31323a2250697a7a61204372756e6368223b733a353a22726f776964223b733a33323a223163333833636433306237633239386162353032393361646665636237623138223b733a383a22737562746f74616c223b643a3135323030303b7d733a33323a226533363938353364663736366661343465316564306666363133663536336264223b613a363a7b733a323a226964223b733a323a223334223b733a333a22717479223b643a313b733a353a227072696365223b643a39353030303b733a343a226e616d65223b733a31313a2250697a7a61205461737479223b733a353a22726f776964223b733a33323a226533363938353364663736366661343465316564306666363133663536336264223b733a383a22737562746f74616c223b643a39353030303b7d7d757365726e616d657c733a343a22616e6479223b67726f75707c733a313a2232223b),
('f9755b55a8292e67a8d7185abc230393d9b18f34', '127.0.0.1', 1461739327, 0x5f5f63695f6c6173745f726567656e65726174657c693a313436313733393034313b636172745f636f6e74656e74737c613a353a7b733a31303a22636172745f746f74616c223b643a3331323030303b733a31313a22746f74616c5f6974656d73223b643a343b733a33323a223138326265306335636463643530373262623138363463646565346433643665223b613a363a7b733a323a226964223b733a323a223333223b733a333a22717479223b643a313b733a353a227072696365223b643a36353030303b733a343a226e616d65223b733a31313a2250697a7a61205370696379223b733a353a22726f776964223b733a33323a223138326265306335636463643530373262623138363463646565346433643665223b733a383a22737562746f74616c223b643a36353030303b7d733a33323a223163333833636433306237633239386162353032393361646665636237623138223b613a363a7b733a323a226964223b733a323a223335223b733a333a22717479223b643a323b733a353a227072696365223b643a37363030303b733a343a226e616d65223b733a31323a2250697a7a61204372756e6368223b733a353a22726f776964223b733a33323a223163333833636433306237633239386162353032393361646665636237623138223b733a383a22737562746f74616c223b643a3135323030303b7d733a33323a226533363938353364663736366661343465316564306666363133663536336264223b613a363a7b733a323a226964223b733a323a223334223b733a333a22717479223b643a313b733a353a227072696365223b643a39353030303b733a343a226e616d65223b733a31313a2250697a7a61205461737479223b733a353a22726f776964223b733a33323a226533363938353364663736366661343465316564306666363133663536336264223b733a383a22737562746f74616c223b643a39353030303b7d7d757365726e616d657c733a343a22616e6479223b67726f75707c733a313a2232223b),
('4dd9a237ed8af3e5dc952380a8da1ee8b9027ad9', '127.0.0.1', 1461739594, 0x5f5f63695f6c6173745f726567656e65726174657c693a313436313733393334343b636172745f636f6e74656e74737c613a353a7b733a31303a22636172745f746f74616c223b643a3331323030303b733a31313a22746f74616c5f6974656d73223b643a343b733a33323a223138326265306335636463643530373262623138363463646565346433643665223b613a363a7b733a323a226964223b733a323a223333223b733a333a22717479223b643a313b733a353a227072696365223b643a36353030303b733a343a226e616d65223b733a31313a2250697a7a61205370696379223b733a353a22726f776964223b733a33323a223138326265306335636463643530373262623138363463646565346433643665223b733a383a22737562746f74616c223b643a36353030303b7d733a33323a223163333833636433306237633239386162353032393361646665636237623138223b613a363a7b733a323a226964223b733a323a223335223b733a333a22717479223b643a323b733a353a227072696365223b643a37363030303b733a343a226e616d65223b733a31323a2250697a7a61204372756e6368223b733a353a22726f776964223b733a33323a223163333833636433306237633239386162353032393361646665636237623138223b733a383a22737562746f74616c223b643a3135323030303b7d733a33323a226533363938353364663736366661343465316564306666363133663536336264223b613a363a7b733a323a226964223b733a323a223334223b733a333a22717479223b643a313b733a353a227072696365223b643a39353030303b733a343a226e616d65223b733a31313a2250697a7a61205461737479223b733a353a22726f776964223b733a33323a226533363938353364663736366661343465316564306666363133663536336264223b733a383a22737562746f74616c223b643a39353030303b7d7d757365726e616d657c733a343a22616e6479223b67726f75707c733a313a2232223b),
('4d3fb7f3f754b07c8d723078c29d0264176bf25f', '127.0.0.1', 1461739989, 0x5f5f63695f6c6173745f726567656e65726174657c693a313436313733393639383b636172745f636f6e74656e74737c613a353a7b733a31303a22636172745f746f74616c223b643a3331323030303b733a31313a22746f74616c5f6974656d73223b643a343b733a33323a223138326265306335636463643530373262623138363463646565346433643665223b613a363a7b733a323a226964223b733a323a223333223b733a333a22717479223b643a313b733a353a227072696365223b643a36353030303b733a343a226e616d65223b733a31313a2250697a7a61205370696379223b733a353a22726f776964223b733a33323a223138326265306335636463643530373262623138363463646565346433643665223b733a383a22737562746f74616c223b643a36353030303b7d733a33323a223163333833636433306237633239386162353032393361646665636237623138223b613a363a7b733a323a226964223b733a323a223335223b733a333a22717479223b643a323b733a353a227072696365223b643a37363030303b733a343a226e616d65223b733a31323a2250697a7a61204372756e6368223b733a353a22726f776964223b733a33323a223163333833636433306237633239386162353032393361646665636237623138223b733a383a22737562746f74616c223b643a3135323030303b7d733a33323a226533363938353364663736366661343465316564306666363133663536336264223b613a363a7b733a323a226964223b733a323a223334223b733a333a22717479223b643a313b733a353a227072696365223b643a39353030303b733a343a226e616d65223b733a31313a2250697a7a61205461737479223b733a353a22726f776964223b733a33323a226533363938353364663736366661343465316564306666363133663536336264223b733a383a22737562746f74616c223b643a39353030303b7d7d757365726e616d657c733a343a22616e6479223b67726f75707c733a313a2232223b),
('8d8befbb0aaa0b11d0e75b5e64ca2254b0626f8f', '127.0.0.1', 1461740236, 0x5f5f63695f6c6173745f726567656e65726174657c693a313436313734303030333b636172745f636f6e74656e74737c613a353a7b733a31303a22636172745f746f74616c223b643a3331323030303b733a31313a22746f74616c5f6974656d73223b643a343b733a33323a223138326265306335636463643530373262623138363463646565346433643665223b613a363a7b733a323a226964223b733a323a223333223b733a333a22717479223b643a313b733a353a227072696365223b643a36353030303b733a343a226e616d65223b733a31313a2250697a7a61205370696379223b733a353a22726f776964223b733a33323a223138326265306335636463643530373262623138363463646565346433643665223b733a383a22737562746f74616c223b643a36353030303b7d733a33323a223163333833636433306237633239386162353032393361646665636237623138223b613a363a7b733a323a226964223b733a323a223335223b733a333a22717479223b643a323b733a353a227072696365223b643a37363030303b733a343a226e616d65223b733a31323a2250697a7a61204372756e6368223b733a353a22726f776964223b733a33323a223163333833636433306237633239386162353032393361646665636237623138223b733a383a22737562746f74616c223b643a3135323030303b7d733a33323a226533363938353364663736366661343465316564306666363133663536336264223b613a363a7b733a323a226964223b733a323a223334223b733a333a22717479223b643a313b733a353a227072696365223b643a39353030303b733a343a226e616d65223b733a31313a2250697a7a61205461737479223b733a353a22726f776964223b733a33323a226533363938353364663736366661343465316564306666363133663536336264223b733a383a22737562746f74616c223b643a39353030303b7d7d757365726e616d657c733a343a22616e6479223b67726f75707c733a313a2232223b),
('af2b602fcc5c50cd92ad16d8d710645db9110050', '127.0.0.1', 1461740818, 0x5f5f63695f6c6173745f726567656e65726174657c693a313436313734303635303b636172745f636f6e74656e74737c613a353a7b733a31303a22636172745f746f74616c223b643a3331323030303b733a31313a22746f74616c5f6974656d73223b643a343b733a33323a223138326265306335636463643530373262623138363463646565346433643665223b613a363a7b733a323a226964223b733a323a223333223b733a333a22717479223b643a313b733a353a227072696365223b643a36353030303b733a343a226e616d65223b733a31313a2250697a7a61205370696379223b733a353a22726f776964223b733a33323a223138326265306335636463643530373262623138363463646565346433643665223b733a383a22737562746f74616c223b643a36353030303b7d733a33323a223163333833636433306237633239386162353032393361646665636237623138223b613a363a7b733a323a226964223b733a323a223335223b733a333a22717479223b643a323b733a353a227072696365223b643a37363030303b733a343a226e616d65223b733a31323a2250697a7a61204372756e6368223b733a353a22726f776964223b733a33323a223163333833636433306237633239386162353032393361646665636237623138223b733a383a22737562746f74616c223b643a3135323030303b7d733a33323a226533363938353364663736366661343465316564306666363133663536336264223b613a363a7b733a323a226964223b733a323a223334223b733a333a22717479223b643a313b733a353a227072696365223b643a39353030303b733a343a226e616d65223b733a31313a2250697a7a61205461737479223b733a353a22726f776964223b733a33323a226533363938353364663736366661343465316564306666363133663536336264223b733a383a22737562746f74616c223b643a39353030303b7d7d757365726e616d657c733a343a22616e6479223b67726f75707c733a313a2232223b),
('6b763d609c54f8ef69050568936d015a95802913', '127.0.0.1', 1461745751, 0x5f5f63695f6c6173745f726567656e65726174657c693a313436313734353735313b636172745f636f6e74656e74737c613a353a7b733a31303a22636172745f746f74616c223b643a3331323030303b733a31313a22746f74616c5f6974656d73223b643a343b733a33323a223138326265306335636463643530373262623138363463646565346433643665223b613a363a7b733a323a226964223b733a323a223333223b733a333a22717479223b643a313b733a353a227072696365223b643a36353030303b733a343a226e616d65223b733a31313a2250697a7a61205370696379223b733a353a22726f776964223b733a33323a223138326265306335636463643530373262623138363463646565346433643665223b733a383a22737562746f74616c223b643a36353030303b7d733a33323a223163333833636433306237633239386162353032393361646665636237623138223b613a363a7b733a323a226964223b733a323a223335223b733a333a22717479223b643a323b733a353a227072696365223b643a37363030303b733a343a226e616d65223b733a31323a2250697a7a61204372756e6368223b733a353a22726f776964223b733a33323a223163333833636433306237633239386162353032393361646665636237623138223b733a383a22737562746f74616c223b643a3135323030303b7d733a33323a226533363938353364663736366661343465316564306666363133663536336264223b613a363a7b733a323a226964223b733a323a223334223b733a333a22717479223b643a313b733a353a227072696365223b643a39353030303b733a343a226e616d65223b733a31313a2250697a7a61205461737479223b733a353a22726f776964223b733a33323a226533363938353364663736366661343465316564306666363133663536336264223b733a383a22737562746f74616c223b643a39353030303b7d7d757365726e616d657c733a343a22616e6479223b67726f75707c733a313a2232223b),
('923f659550cbf5be9ad1bf1e4432eafad8def090', '127.0.0.1', 1461745969, 0x5f5f63695f6c6173745f726567656e65726174657c693a313436313734353735323b636172745f636f6e74656e74737c613a353a7b733a31303a22636172745f746f74616c223b643a3331323030303b733a31313a22746f74616c5f6974656d73223b643a343b733a33323a223138326265306335636463643530373262623138363463646565346433643665223b613a363a7b733a323a226964223b733a323a223333223b733a333a22717479223b643a313b733a353a227072696365223b643a36353030303b733a343a226e616d65223b733a31313a2250697a7a61205370696379223b733a353a22726f776964223b733a33323a223138326265306335636463643530373262623138363463646565346433643665223b733a383a22737562746f74616c223b643a36353030303b7d733a33323a223163333833636433306237633239386162353032393361646665636237623138223b613a363a7b733a323a226964223b733a323a223335223b733a333a22717479223b643a323b733a353a227072696365223b643a37363030303b733a343a226e616d65223b733a31323a2250697a7a61204372756e6368223b733a353a22726f776964223b733a33323a223163333833636433306237633239386162353032393361646665636237623138223b733a383a22737562746f74616c223b643a3135323030303b7d733a33323a226533363938353364663736366661343465316564306666363133663536336264223b613a363a7b733a323a226964223b733a323a223334223b733a333a22717479223b643a313b733a353a227072696365223b643a39353030303b733a343a226e616d65223b733a31313a2250697a7a61205461737479223b733a353a22726f776964223b733a33323a226533363938353364663736366661343465316564306666363133663536336264223b733a383a22737562746f74616c223b643a39353030303b7d7d757365726e616d657c733a343a22616e6479223b67726f75707c733a313a2232223b),
('cb8e43c92fb509e15d232737f6afce0f6a77f8c2', '127.0.0.1', 1461746429, 0x5f5f63695f6c6173745f726567656e65726174657c693a313436313734363133323b636172745f636f6e74656e74737c613a353a7b733a31303a22636172745f746f74616c223b643a3331323030303b733a31313a22746f74616c5f6974656d73223b643a343b733a33323a223138326265306335636463643530373262623138363463646565346433643665223b613a363a7b733a323a226964223b733a323a223333223b733a333a22717479223b643a313b733a353a227072696365223b643a36353030303b733a343a226e616d65223b733a31313a2250697a7a61205370696379223b733a353a22726f776964223b733a33323a223138326265306335636463643530373262623138363463646565346433643665223b733a383a22737562746f74616c223b643a36353030303b7d733a33323a223163333833636433306237633239386162353032393361646665636237623138223b613a363a7b733a323a226964223b733a323a223335223b733a333a22717479223b643a323b733a353a227072696365223b643a37363030303b733a343a226e616d65223b733a31323a2250697a7a61204372756e6368223b733a353a22726f776964223b733a33323a223163333833636433306237633239386162353032393361646665636237623138223b733a383a22737562746f74616c223b643a3135323030303b7d733a33323a226533363938353364663736366661343465316564306666363133663536336264223b613a363a7b733a323a226964223b733a323a223334223b733a333a22717479223b643a313b733a353a227072696365223b643a39353030303b733a343a226e616d65223b733a31313a2250697a7a61205461737479223b733a353a22726f776964223b733a33323a226533363938353364663736366661343465316564306666363133663536336264223b733a383a22737562746f74616c223b643a39353030303b7d7d757365726e616d657c733a343a22616e6479223b67726f75707c733a313a2232223b),
('54fd884d13399bf791d3e36e82de8e8741861c23', '127.0.0.1', 1461746757, 0x5f5f63695f6c6173745f726567656e65726174657c693a313436313734363437343b636172745f636f6e74656e74737c613a353a7b733a31303a22636172745f746f74616c223b643a3331323030303b733a31313a22746f74616c5f6974656d73223b643a343b733a33323a223138326265306335636463643530373262623138363463646565346433643665223b613a363a7b733a323a226964223b733a323a223333223b733a333a22717479223b643a313b733a353a227072696365223b643a36353030303b733a343a226e616d65223b733a31313a2250697a7a61205370696379223b733a353a22726f776964223b733a33323a223138326265306335636463643530373262623138363463646565346433643665223b733a383a22737562746f74616c223b643a36353030303b7d733a33323a223163333833636433306237633239386162353032393361646665636237623138223b613a363a7b733a323a226964223b733a323a223335223b733a333a22717479223b643a323b733a353a227072696365223b643a37363030303b733a343a226e616d65223b733a31323a2250697a7a61204372756e6368223b733a353a22726f776964223b733a33323a223163333833636433306237633239386162353032393361646665636237623138223b733a383a22737562746f74616c223b643a3135323030303b7d733a33323a226533363938353364663736366661343465316564306666363133663536336264223b613a363a7b733a323a226964223b733a323a223334223b733a333a22717479223b643a313b733a353a227072696365223b643a39353030303b733a343a226e616d65223b733a31313a2250697a7a61205461737479223b733a353a22726f776964223b733a33323a226533363938353364663736366661343465316564306666363133663536336264223b733a383a22737562746f74616c223b643a39353030303b7d7d757365726e616d657c733a343a22616e6479223b67726f75707c733a313a2232223b),
('7765ddfb32d5e48c6c0cc0b58d8258b35fe08b20', '127.0.0.1', 1461747070, 0x5f5f63695f6c6173745f726567656e65726174657c693a313436313734363738323b636172745f636f6e74656e74737c613a353a7b733a31303a22636172745f746f74616c223b643a3331323030303b733a31313a22746f74616c5f6974656d73223b643a343b733a33323a223138326265306335636463643530373262623138363463646565346433643665223b613a363a7b733a323a226964223b733a323a223333223b733a333a22717479223b643a313b733a353a227072696365223b643a36353030303b733a343a226e616d65223b733a31313a2250697a7a61205370696379223b733a353a22726f776964223b733a33323a223138326265306335636463643530373262623138363463646565346433643665223b733a383a22737562746f74616c223b643a36353030303b7d733a33323a223163333833636433306237633239386162353032393361646665636237623138223b613a363a7b733a323a226964223b733a323a223335223b733a333a22717479223b643a323b733a353a227072696365223b643a37363030303b733a343a226e616d65223b733a31323a2250697a7a61204372756e6368223b733a353a22726f776964223b733a33323a223163333833636433306237633239386162353032393361646665636237623138223b733a383a22737562746f74616c223b643a3135323030303b7d733a33323a226533363938353364663736366661343465316564306666363133663536336264223b613a363a7b733a323a226964223b733a323a223334223b733a333a22717479223b643a313b733a353a227072696365223b643a39353030303b733a343a226e616d65223b733a31313a2250697a7a61205461737479223b733a353a22726f776964223b733a33323a226533363938353364663736366661343465316564306666363133663536336264223b733a383a22737562746f74616c223b643a39353030303b7d7d757365726e616d657c733a343a22616e6479223b67726f75707c733a313a2232223b),
('77fab06e269b7ed53377579d4a01b56265dfdcd8', '127.0.0.1', 1461747383, 0x5f5f63695f6c6173745f726567656e65726174657c693a313436313734373131323b636172745f636f6e74656e74737c613a353a7b733a31303a22636172745f746f74616c223b643a3331323030303b733a31313a22746f74616c5f6974656d73223b643a343b733a33323a223138326265306335636463643530373262623138363463646565346433643665223b613a363a7b733a323a226964223b733a323a223333223b733a333a22717479223b643a313b733a353a227072696365223b643a36353030303b733a343a226e616d65223b733a31313a2250697a7a61205370696379223b733a353a22726f776964223b733a33323a223138326265306335636463643530373262623138363463646565346433643665223b733a383a22737562746f74616c223b643a36353030303b7d733a33323a223163333833636433306237633239386162353032393361646665636237623138223b613a363a7b733a323a226964223b733a323a223335223b733a333a22717479223b643a323b733a353a227072696365223b643a37363030303b733a343a226e616d65223b733a31323a2250697a7a61204372756e6368223b733a353a22726f776964223b733a33323a223163333833636433306237633239386162353032393361646665636237623138223b733a383a22737562746f74616c223b643a3135323030303b7d733a33323a226533363938353364663736366661343465316564306666363133663536336264223b613a363a7b733a323a226964223b733a323a223334223b733a333a22717479223b643a313b733a353a227072696365223b643a39353030303b733a343a226e616d65223b733a31313a2250697a7a61205461737479223b733a353a22726f776964223b733a33323a226533363938353364663736366661343465316564306666363133663536336264223b733a383a22737562746f74616c223b643a39353030303b7d7d757365726e616d657c733a343a22616e6479223b67726f75707c733a313a2232223b),
('6a714f110714468ef7b8631bdcda154ebc317417', '127.0.0.1', 1461747725, 0x5f5f63695f6c6173745f726567656e65726174657c693a313436313734373434353b636172745f636f6e74656e74737c613a353a7b733a31303a22636172745f746f74616c223b643a3331323030303b733a31313a22746f74616c5f6974656d73223b643a343b733a33323a223138326265306335636463643530373262623138363463646565346433643665223b613a363a7b733a323a226964223b733a323a223333223b733a333a22717479223b643a313b733a353a227072696365223b643a36353030303b733a343a226e616d65223b733a31313a2250697a7a61205370696379223b733a353a22726f776964223b733a33323a223138326265306335636463643530373262623138363463646565346433643665223b733a383a22737562746f74616c223b643a36353030303b7d733a33323a223163333833636433306237633239386162353032393361646665636237623138223b613a363a7b733a323a226964223b733a323a223335223b733a333a22717479223b643a323b733a353a227072696365223b643a37363030303b733a343a226e616d65223b733a31323a2250697a7a61204372756e6368223b733a353a22726f776964223b733a33323a223163333833636433306237633239386162353032393361646665636237623138223b733a383a22737562746f74616c223b643a3135323030303b7d733a33323a226533363938353364663736366661343465316564306666363133663536336264223b613a363a7b733a323a226964223b733a323a223334223b733a333a22717479223b643a313b733a353a227072696365223b643a39353030303b733a343a226e616d65223b733a31313a2250697a7a61205461737479223b733a353a22726f776964223b733a33323a226533363938353364663736366661343465316564306666363133663536336264223b733a383a22737562746f74616c223b643a39353030303b7d7d757365726e616d657c733a343a22616e6479223b67726f75707c733a313a2232223b),
('bdf443842515d15f917591b8cfbe57b78b918af7', '127.0.0.1', 1461747924, 0x5f5f63695f6c6173745f726567656e65726174657c693a313436313734373736383b757365726e616d657c733a343a22616e6479223b67726f75707c733a313a2232223b),
('5809360c33a7febc2f641e5e4e5dba8d0dee434e', '127.0.0.1', 1461750778, 0x5f5f63695f6c6173745f726567656e65726174657c693a313436313735303737383b757365726e616d657c733a343a22616e6479223b67726f75707c733a313a2232223b),
('aa2ea446f66f61ca995e30b594a0cfb66880f7a7', '127.0.0.1', 1461752699, 0x5f5f63695f6c6173745f726567656e65726174657c693a313436313735323639313b757365726e616d657c733a353a2261646d696e223b67726f75707c733a313a2231223b),
('03ede86027cbb790947a22a057f70cde9ac4d377', '127.0.0.1', 1461760961, 0x5f5f63695f6c6173745f726567656e65726174657c693a313436313736303936313b),
('73a8517c5aacb4a02275515e31b21ddbc592f3f5', '127.0.0.1', 1461761977, 0x5f5f63695f6c6173745f726567656e65726174657c693a313436313736313736323b757365726e616d657c733a353a2261646d696e223b67726f75707c733a313a2231223b),
('cdf4c95894df06c028cb9b3b598e9ff5d375bdca', '127.0.0.1', 1461762384, 0x5f5f63695f6c6173745f726567656e65726174657c693a313436313736323039333b757365726e616d657c733a343a22616e6479223b67726f75707c733a313a2232223b),
('f7debc916bf5e4cb38830510cd3c5f0ed36e2651', '127.0.0.1', 1461763097, 0x5f5f63695f6c6173745f726567656e65726174657c693a313436313736323839323b757365726e616d657c733a343a22616e6479223b67726f75707c733a313a2232223b),
('52e43b74019730f5e13b238ae0cf9e51888a2d2c', '127.0.0.1', 1461763235, 0x5f5f63695f6c6173745f726567656e65726174657c693a313436313736333233353b757365726e616d657c733a343a22616e6479223b67726f75707c733a313a2232223b),
('6565cc200ad41562af6b245859a5cadf31ce5b8f', '127.0.0.1', 1461763453, 0x5f5f63695f6c6173745f726567656e65726174657c693a313436313736333330363b757365726e616d657c733a343a22616e6479223b67726f75707c733a313a2232223b),
('5b76dd6866857e5194c21a0002265770c39b7b36', '127.0.0.1', 1461764192, 0x5f5f63695f6c6173745f726567656e65726174657c693a313436313736333930343b757365726e616d657c733a343a22616e6479223b67726f75707c733a313a2232223b),
('9e2ee08a9946be21b6b3aefff0685a37ae65551f', '127.0.0.1', 1461764468, 0x5f5f63695f6c6173745f726567656e65726174657c693a313436313736343239393b757365726e616d657c733a343a22616e6479223b67726f75707c733a313a2232223b),
('67454ab761d64f4e02811270a5402d77ca0b57a3', '127.0.0.1', 1461764519, 0x5f5f63695f6c6173745f726567656e65726174657c693a313436313736343438333b757365726e616d657c733a343a22616e6479223b67726f75707c733a313a2232223b),
('62b31369f7373fe03563a8907dcae2a0190d8185', '127.0.0.1', 1461765399, 0x5f5f63695f6c6173745f726567656e65726174657c693a313436313736353130313b757365726e616d657c733a343a22616e6479223b67726f75707c733a313a2232223b),
('132f02a4227c6ea29dc2044f9803f363a799249c', '127.0.0.1', 1461765413, 0x5f5f63695f6c6173745f726567656e65726174657c693a313436313736353430333b757365726e616d657c733a343a22616e6479223b67726f75707c733a313a2232223b706573616e7c613a333a7b733a373a226d657373616765223b733a32393a22426572686173696c204d656e6768617075732046616b74757220233130223b733a353a22636c617373223b733a373a2273756363657373223b733a353a227469746c65223b733a363a2253756b736573223b7d5f5f63695f766172737c613a313a7b733a353a22706573616e223b733a333a226f6c64223b7d),
('46d819a3478083d4eeb1508d0964e2426de0249e', '127.0.0.1', 1461766295, 0x5f5f63695f6c6173745f726567656e65726174657c693a313436313736363030313b757365726e616d657c733a343a22616e6479223b67726f75707c733a313a2232223b706573616e7c613a333a7b733a373a226d657373616765223b733a33303a225374617475732066616b74757220626572686173696c206469756261682e223b733a353a22636c617373223b733a373a2273756363657373223b733a353a227469746c65223b733a343a22496e666f223b7d5f5f63695f766172737c613a313a7b733a353a22706573616e223b733a333a226f6c64223b7d),
('eb7bd41e85722d6687329e6cc79581e8ce2ff84f', '127.0.0.1', 1461766600, 0x5f5f63695f6c6173745f726567656e65726174657c693a313436313736363330373b757365726e616d657c733a343a22616e6479223b67726f75707c733a313a2232223b),
('83f68cbb1580d2b36f56dedf2b252e7f617bbbfb', '127.0.0.1', 1461766982, 0x5f5f63695f6c6173745f726567656e65726174657c693a313436313736363638393b757365726e616d657c733a343a22616e6479223b67726f75707c733a313a2232223b),
('91aedf3575f553e90c667837ef5eff9bc1b9fdb9', '127.0.0.1', 1461767316, 0x5f5f63695f6c6173745f726567656e65726174657c693a313436313736373035323b757365726e616d657c733a343a22616e6479223b67726f75707c733a313a2232223b636172745f636f6e74656e74737c613a363a7b733a31303a22636172745f746f74616c223b643a3532303030303b733a31313a22746f74616c5f6974656d73223b643a353b733a33323a223163333833636433306237633239386162353032393361646665636237623138223b613a363a7b733a323a226964223b733a323a223335223b733a333a22717479223b643a313b733a353a227072696365223b643a37363030303b733a343a226e616d65223b733a31323a2250697a7a61204372756e6368223b733a353a22726f776964223b733a33323a223163333833636433306237633239386162353032393361646665636237623138223b733a383a22737562746f74616c223b643a37363030303b7d733a33323a226135626663396530373936346638646464656239356663353834636439363564223b613a363a7b733a323a226964223b733a323a223337223b733a333a22717479223b643a313b733a353a227072696365223b643a38393030303b733a343a226e616d65223b733a31303a2250697a7a6120476c6f77223b733a353a22726f776964223b733a33323a226135626663396530373936346638646464656239356663353834636439363564223b733a383a22737562746f74616c223b643a38393030303b7d733a33323a226135373731626365393365323030633336663763643964666430653564656161223b613a363a7b733a323a226964223b733a323a223338223b733a333a22717479223b643a323b733a353a227072696365223b643a3133303030303b733a343a226e616d65223b733a31323a2250697a7a61204d616d626f6f223b733a353a22726f776964223b733a33323a226135373731626365393365323030633336663763643964666430653564656161223b733a383a22737562746f74616c223b643a3236303030303b7d733a33323a226533363938353364663736366661343465316564306666363133663536336264223b613a363a7b733a323a226964223b733a323a223334223b733a333a22717479223b643a313b733a353a227072696365223b643a39353030303b733a343a226e616d65223b733a31313a2250697a7a61205461737479223b733a353a22726f776964223b733a33323a226533363938353364663736366661343465316564306666363133663536336264223b733a383a22737562746f74616c223b643a39353030303b7d7d),
('7d00694360b9028d8669cff1c532ccbc2a934d31', '127.0.0.1', 1461767398, 0x5f5f63695f6c6173745f726567656e65726174657c693a313436313736373336313b757365726e616d657c733a343a22616e6479223b67726f75707c733a313a2232223b636172745f636f6e74656e74737c613a363a7b733a31303a22636172745f746f74616c223b643a3532303030303b733a31313a22746f74616c5f6974656d73223b643a353b733a33323a223163333833636433306237633239386162353032393361646665636237623138223b613a363a7b733a323a226964223b733a323a223335223b733a333a22717479223b643a313b733a353a227072696365223b643a37363030303b733a343a226e616d65223b733a31323a2250697a7a61204372756e6368223b733a353a22726f776964223b733a33323a223163333833636433306237633239386162353032393361646665636237623138223b733a383a22737562746f74616c223b643a37363030303b7d733a33323a226135626663396530373936346638646464656239356663353834636439363564223b613a363a7b733a323a226964223b733a323a223337223b733a333a22717479223b643a313b733a353a227072696365223b643a38393030303b733a343a226e616d65223b733a31303a2250697a7a6120476c6f77223b733a353a22726f776964223b733a33323a226135626663396530373936346638646464656239356663353834636439363564223b733a383a22737562746f74616c223b643a38393030303b7d733a33323a226135373731626365393365323030633336663763643964666430653564656161223b613a363a7b733a323a226964223b733a323a223338223b733a333a22717479223b643a323b733a353a227072696365223b643a3133303030303b733a343a226e616d65223b733a31323a2250697a7a61204d616d626f6f223b733a353a22726f776964223b733a33323a226135373731626365393365323030633336663763643964666430653564656161223b733a383a22737562746f74616c223b643a3236303030303b7d733a33323a226533363938353364663736366661343465316564306666363133663536336264223b613a363a7b733a323a226964223b733a323a223334223b733a333a22717479223b643a313b733a353a227072696365223b643a39353030303b733a343a226e616d65223b733a31313a2250697a7a61205461737479223b733a353a22726f776964223b733a33323a226533363938353364663736366661343465316564306666363133663536336264223b733a383a22737562746f74616c223b643a39353030303b7d7d),
('0081937b155501f02e4f4c46b98d322a7bd690fd', '127.0.0.1', 1461808248, 0x5f5f63695f6c6173745f726567656e65726174657c693a313436313830383231353b636172745f636f6e74656e74737c613a353a7b733a31303a22636172745f746f74616c223b643a3333303030303b733a31313a22746f74616c5f6974656d73223b643a333b733a33323a226533363938353364663736366661343465316564306666363133663536336264223b613a363a7b733a323a226964223b733a323a223334223b733a333a22717479223b643a313b733a353a227072696365223b643a39353030303b733a343a226e616d65223b733a31313a2250697a7a61205461737479223b733a353a22726f776964223b733a33323a226533363938353364663736366661343465316564306666363133663536336264223b733a383a22737562746f74616c223b643a39353030303b7d733a33323a226135373731626365393365323030633336663763643964666430653564656161223b613a363a7b733a323a226964223b733a323a223338223b733a333a22717479223b643a313b733a353a227072696365223b643a3133303030303b733a343a226e616d65223b733a31323a2250697a7a61204d616d626f6f223b733a353a22726f776964223b733a33323a226135373731626365393365323030633336663763643964666430653564656161223b733a383a22737562746f74616c223b643a3133303030303b7d733a33323a223139636131346537656136333238613432653065623133643538356534633232223b613a363a7b733a323a226964223b733a323a223336223b733a333a22717479223b643a313b733a353a227072696365223b643a3130353030303b733a343a226e616d65223b733a31353a2250697a7a61204d6f7a6172656c6c61223b733a353a22726f776964223b733a33323a223139636131346537656136333238613432653065623133643538356534633232223b733a383a22737562746f74616c223b643a3130353030303b7d7d),
('d4f527b1fa07cb690e7e61176f9ed2cefb038114', '127.0.0.1', 1461809196, 0x5f5f63695f6c6173745f726567656e65726174657c693a313436313830393038343b636172745f636f6e74656e74737c613a31303a7b733a31303a22636172745f746f74616c223b643a3930303030303b733a31313a22746f74616c5f6974656d73223b643a383b733a33323a226533363938353364663736366661343465316564306666363133663536336264223b613a363a7b733a323a226964223b733a323a223334223b733a333a22717479223b643a313b733a353a227072696365223b643a39353030303b733a343a226e616d65223b733a31313a2250697a7a61205461737479223b733a353a22726f776964223b733a33323a226533363938353364663736366661343465316564306666363133663536336264223b733a383a22737562746f74616c223b643a39353030303b7d733a33323a226135373731626365393365323030633336663763643964666430653564656161223b613a363a7b733a323a226964223b733a323a223338223b733a333a22717479223b643a313b733a353a227072696365223b643a3133303030303b733a343a226e616d65223b733a31323a2250697a7a61204d616d626f6f223b733a353a22726f776964223b733a33323a226135373731626365393365323030633336663763643964666430653564656161223b733a383a22737562746f74616c223b643a3133303030303b7d733a33323a223139636131346537656136333238613432653065623133643538356534633232223b613a363a7b733a323a226964223b733a323a223336223b733a333a22717479223b643a313b733a353a227072696365223b643a3130353030303b733a343a226e616d65223b733a31353a2250697a7a61204d6f7a6172656c6c61223b733a353a22726f776964223b733a33323a223139636131346537656136333238613432653065623133643538356534633232223b733a383a22737562746f74616c223b643a3130353030303b7d733a33323a223138326265306335636463643530373262623138363463646565346433643665223b613a363a7b733a323a226964223b733a323a223333223b733a333a22717479223b643a313b733a353a227072696365223b643a36353030303b733a343a226e616d65223b733a31313a2250697a7a61205370696379223b733a353a22726f776964223b733a33323a223138326265306335636463643530373262623138363463646565346433643665223b733a383a22737562746f74616c223b643a36353030303b7d733a33323a223163333833636433306237633239386162353032393361646665636237623138223b613a363a7b733a323a226964223b733a323a223335223b733a333a22717479223b643a313b733a353a227072696365223b643a37363030303b733a343a226e616d65223b733a31323a2250697a7a61204372756e6368223b733a353a22726f776964223b733a33323a223163333833636433306237633239386162353032393361646665636237623138223b733a383a22737562746f74616c223b643a37363030303b7d733a33323a226135626663396530373936346638646464656239356663353834636439363564223b613a363a7b733a323a226964223b733a323a223337223b733a333a22717479223b643a313b733a353a227072696365223b643a38393030303b733a343a226e616d65223b733a31303a2250697a7a6120476c6f77223b733a353a22726f776964223b733a33323a226135626663396530373936346638646464656239356663353834636439363564223b733a383a22737562746f74616c223b643a38393030303b7d733a33323a226436343539323065333935666564616437626262656430656361336665326530223b613a363a7b733a323a226964223b733a323a223430223b733a333a22717479223b643a313b733a353a227072696365223b643a39303030303b733a343a226e616d65223b733a31323a2250697a7a61204b69736d6973223b733a353a22726f776964223b733a33323a226436343539323065333935666564616437626262656430656361336665326530223b733a383a22737562746f74616c223b643a39303030303b7d733a33323a223334313661373566346365613931303935303763616364386532663261656663223b613a363a7b733a323a226964223b733a323a223431223b733a333a22717479223b643a313b733a353a227072696365223b643a3235303030303b733a343a226e616d65223b733a31333a2250697a7a61205072616e636973223b733a353a22726f776964223b733a33323a223334313661373566346365613931303935303763616364386532663261656663223b733a383a22737562746f74616c223b643a3235303030303b7d7d),
('3c8dedd8a5e4e69101a1fa79ee409060a2a37688', '127.0.0.1', 1461809615, 0x5f5f63695f6c6173745f726567656e65726174657c693a313436313830393533323b636172745f636f6e74656e74737c613a31303a7b733a31303a22636172745f746f74616c223b643a3930303030303b733a31313a22746f74616c5f6974656d73223b643a383b733a33323a226533363938353364663736366661343465316564306666363133663536336264223b613a363a7b733a323a226964223b733a323a223334223b733a333a22717479223b643a313b733a353a227072696365223b643a39353030303b733a343a226e616d65223b733a31313a2250697a7a61205461737479223b733a353a22726f776964223b733a33323a226533363938353364663736366661343465316564306666363133663536336264223b733a383a22737562746f74616c223b643a39353030303b7d733a33323a226135373731626365393365323030633336663763643964666430653564656161223b613a363a7b733a323a226964223b733a323a223338223b733a333a22717479223b643a313b733a353a227072696365223b643a3133303030303b733a343a226e616d65223b733a31323a2250697a7a61204d616d626f6f223b733a353a22726f776964223b733a33323a226135373731626365393365323030633336663763643964666430653564656161223b733a383a22737562746f74616c223b643a3133303030303b7d733a33323a223139636131346537656136333238613432653065623133643538356534633232223b613a363a7b733a323a226964223b733a323a223336223b733a333a22717479223b643a313b733a353a227072696365223b643a3130353030303b733a343a226e616d65223b733a31353a2250697a7a61204d6f7a6172656c6c61223b733a353a22726f776964223b733a33323a223139636131346537656136333238613432653065623133643538356534633232223b733a383a22737562746f74616c223b643a3130353030303b7d733a33323a223138326265306335636463643530373262623138363463646565346433643665223b613a363a7b733a323a226964223b733a323a223333223b733a333a22717479223b643a313b733a353a227072696365223b643a36353030303b733a343a226e616d65223b733a31313a2250697a7a61205370696379223b733a353a22726f776964223b733a33323a223138326265306335636463643530373262623138363463646565346433643665223b733a383a22737562746f74616c223b643a36353030303b7d733a33323a223163333833636433306237633239386162353032393361646665636237623138223b613a363a7b733a323a226964223b733a323a223335223b733a333a22717479223b643a313b733a353a227072696365223b643a37363030303b733a343a226e616d65223b733a31323a2250697a7a61204372756e6368223b733a353a22726f776964223b733a33323a223163333833636433306237633239386162353032393361646665636237623138223b733a383a22737562746f74616c223b643a37363030303b7d733a33323a226135626663396530373936346638646464656239356663353834636439363564223b613a363a7b733a323a226964223b733a323a223337223b733a333a22717479223b643a313b733a353a227072696365223b643a38393030303b733a343a226e616d65223b733a31303a2250697a7a6120476c6f77223b733a353a22726f776964223b733a33323a226135626663396530373936346638646464656239356663353834636439363564223b733a383a22737562746f74616c223b643a38393030303b7d733a33323a226436343539323065333935666564616437626262656430656361336665326530223b613a363a7b733a323a226964223b733a323a223430223b733a333a22717479223b643a313b733a353a227072696365223b643a39303030303b733a343a226e616d65223b733a31323a2250697a7a61204b69736d6973223b733a353a22726f776964223b733a33323a226436343539323065333935666564616437626262656430656361336665326530223b733a383a22737562746f74616c223b643a39303030303b7d733a33323a223334313661373566346365613931303935303763616364386532663261656663223b613a363a7b733a323a226964223b733a323a223431223b733a333a22717479223b643a313b733a353a227072696365223b643a3235303030303b733a343a226e616d65223b733a31333a2250697a7a61205072616e636973223b733a353a22726f776964223b733a33323a223334313661373566346365613931303935303763616364386532663261656663223b733a383a22737562746f74616c223b643a3235303030303b7d7d),
('a05f594985e84b2c69d5694aa228a6afa4dbb3c9', '127.0.0.1', 1461810433, 0x5f5f63695f6c6173745f726567656e65726174657c693a313436313831303133383b636172745f636f6e74656e74737c613a31303a7b733a31303a22636172745f746f74616c223b643a3930303030303b733a31313a22746f74616c5f6974656d73223b643a383b733a33323a226533363938353364663736366661343465316564306666363133663536336264223b613a363a7b733a323a226964223b733a323a223334223b733a333a22717479223b643a313b733a353a227072696365223b643a39353030303b733a343a226e616d65223b733a31313a2250697a7a61205461737479223b733a353a22726f776964223b733a33323a226533363938353364663736366661343465316564306666363133663536336264223b733a383a22737562746f74616c223b643a39353030303b7d733a33323a226135373731626365393365323030633336663763643964666430653564656161223b613a363a7b733a323a226964223b733a323a223338223b733a333a22717479223b643a313b733a353a227072696365223b643a3133303030303b733a343a226e616d65223b733a31323a2250697a7a61204d616d626f6f223b733a353a22726f776964223b733a33323a226135373731626365393365323030633336663763643964666430653564656161223b733a383a22737562746f74616c223b643a3133303030303b7d733a33323a223139636131346537656136333238613432653065623133643538356534633232223b613a363a7b733a323a226964223b733a323a223336223b733a333a22717479223b643a313b733a353a227072696365223b643a3130353030303b733a343a226e616d65223b733a31353a2250697a7a61204d6f7a6172656c6c61223b733a353a22726f776964223b733a33323a223139636131346537656136333238613432653065623133643538356534633232223b733a383a22737562746f74616c223b643a3130353030303b7d733a33323a223138326265306335636463643530373262623138363463646565346433643665223b613a363a7b733a323a226964223b733a323a223333223b733a333a22717479223b643a313b733a353a227072696365223b643a36353030303b733a343a226e616d65223b733a31313a2250697a7a61205370696379223b733a353a22726f776964223b733a33323a223138326265306335636463643530373262623138363463646565346433643665223b733a383a22737562746f74616c223b643a36353030303b7d733a33323a223163333833636433306237633239386162353032393361646665636237623138223b613a363a7b733a323a226964223b733a323a223335223b733a333a22717479223b643a313b733a353a227072696365223b643a37363030303b733a343a226e616d65223b733a31323a2250697a7a61204372756e6368223b733a353a22726f776964223b733a33323a223163333833636433306237633239386162353032393361646665636237623138223b733a383a22737562746f74616c223b643a37363030303b7d733a33323a226135626663396530373936346638646464656239356663353834636439363564223b613a363a7b733a323a226964223b733a323a223337223b733a333a22717479223b643a313b733a353a227072696365223b643a38393030303b733a343a226e616d65223b733a31303a2250697a7a6120476c6f77223b733a353a22726f776964223b733a33323a226135626663396530373936346638646464656239356663353834636439363564223b733a383a22737562746f74616c223b643a38393030303b7d733a33323a226436343539323065333935666564616437626262656430656361336665326530223b613a363a7b733a323a226964223b733a323a223430223b733a333a22717479223b643a313b733a353a227072696365223b643a39303030303b733a343a226e616d65223b733a31323a2250697a7a61204b69736d6973223b733a353a22726f776964223b733a33323a226436343539323065333935666564616437626262656430656361336665326530223b733a383a22737562746f74616c223b643a39303030303b7d733a33323a223334313661373566346365613931303935303763616364386532663261656663223b613a363a7b733a323a226964223b733a323a223431223b733a333a22717479223b643a313b733a353a227072696365223b643a3235303030303b733a343a226e616d65223b733a31333a2250697a7a61205072616e636973223b733a353a22726f776964223b733a33323a223334313661373566346365613931303935303763616364386532663261656663223b733a383a22737562746f74616c223b643a3235303030303b7d7d),
('04b7550530e898a43202ca42e2be8637d7086723', '127.0.0.1', 1461810722, 0x5f5f63695f6c6173745f726567656e65726174657c693a313436313831303434303b636172745f636f6e74656e74737c613a333a7b733a31303a22636172745f746f74616c223b643a3235303030303b733a31313a22746f74616c5f6974656d73223b643a313b733a33323a223334313661373566346365613931303935303763616364386532663261656663223b613a373a7b733a323a226964223b733a323a223431223b733a333a22717479223b643a313b733a353a227072696365223b643a3235303030303b733a343a226e616d65223b733a31333a2250697a7a61205072616e636973223b733a353a22696d616765223b733a33363a2237663365383538623562633932643334393034653164356439663030316437662e6a7067223b733a353a22726f776964223b733a33323a223334313661373566346365613931303935303763616364386532663261656663223b733a383a22737562746f74616c223b643a3235303030303b7d7d706573616e7c613a333a7b733a373a226d657373616765223b733a37303a2250697a7a61205072616e63697320626572686173696c206469706573616e2e205c6e2053696c61686b616e2063656b206d656e75206b6572616e6a616e67206469617461732e223b733a353a22636c617373223b733a373a2273756363657373223b733a353a227469746c65223b733a383a22426572686173696c223b7d5f5f63695f766172737c613a313a7b733a353a22706573616e223b733a333a226f6c64223b7d),
('71c429f9bb743593be6f88a9284b2d12778a56b4', '127.0.0.1', 1461810991, 0x5f5f63695f6c6173745f726567656e65726174657c693a313436313831303734393b636172745f636f6e74656e74737c613a353a7b733a31303a22636172745f746f74616c223b643a3431353030303b733a31313a22746f74616c5f6974656d73223b643a333b733a33323a223334313661373566346365613931303935303763616364386532663261656663223b613a373a7b733a323a226964223b733a323a223431223b733a333a22717479223b643a313b733a353a227072696365223b643a3235303030303b733a343a226e616d65223b733a31333a2250697a7a61205072616e636973223b733a353a22696d616765223b733a33363a2237663365383538623562633932643334393034653164356439663030316437662e6a7067223b733a353a22726f776964223b733a33323a223334313661373566346365613931303935303763616364386532663261656663223b733a383a22737562746f74616c223b643a3235303030303b7d733a33323a223163333833636433306237633239386162353032393361646665636237623138223b613a373a7b733a323a226964223b733a323a223335223b733a333a22717479223b643a313b733a353a227072696365223b643a37363030303b733a343a226e616d65223b733a31323a2250697a7a61204372756e6368223b733a353a22696d616765223b733a33363a2235313536323862623863336434303836353034643561333737623633323566652e6a7067223b733a353a22726f776964223b733a33323a223163333833636433306237633239386162353032393361646665636237623138223b733a383a22737562746f74616c223b643a37363030303b7d733a33323a226135626663396530373936346638646464656239356663353834636439363564223b613a373a7b733a323a226964223b733a323a223337223b733a333a22717479223b643a313b733a353a227072696365223b643a38393030303b733a343a226e616d65223b733a31303a2250697a7a6120476c6f77223b733a353a22696d616765223b733a33363a2237343837346166613339616261666165663037343339633863303837343433332e6a7067223b733a353a22726f776964223b733a33323a226135626663396530373936346638646464656239356663353834636439363564223b733a383a22737562746f74616c223b643a38393030303b7d7d),
('ea0e9c8153645d63733c397c42eff5ba3cb449df', '127.0.0.1', 1461811307, 0x5f5f63695f6c6173745f726567656e65726174657c693a313436313831313035313b636172745f636f6e74656e74737c613a353a7b733a31303a22636172745f746f74616c223b643a3431353030303b733a31313a22746f74616c5f6974656d73223b643a333b733a33323a223334313661373566346365613931303935303763616364386532663261656663223b613a373a7b733a323a226964223b733a323a223431223b733a333a22717479223b643a313b733a353a227072696365223b643a3235303030303b733a343a226e616d65223b733a31333a2250697a7a61205072616e636973223b733a353a22696d616765223b733a33363a2237663365383538623562633932643334393034653164356439663030316437662e6a7067223b733a353a22726f776964223b733a33323a223334313661373566346365613931303935303763616364386532663261656663223b733a383a22737562746f74616c223b643a3235303030303b7d733a33323a223163333833636433306237633239386162353032393361646665636237623138223b613a373a7b733a323a226964223b733a323a223335223b733a333a22717479223b643a313b733a353a227072696365223b643a37363030303b733a343a226e616d65223b733a31323a2250697a7a61204372756e6368223b733a353a22696d616765223b733a33363a2235313536323862623863336434303836353034643561333737623633323566652e6a7067223b733a353a22726f776964223b733a33323a223163333833636433306237633239386162353032393361646665636237623138223b733a383a22737562746f74616c223b643a37363030303b7d733a33323a226135626663396530373936346638646464656239356663353834636439363564223b613a373a7b733a323a226964223b733a323a223337223b733a333a22717479223b643a313b733a353a227072696365223b643a38393030303b733a343a226e616d65223b733a31303a2250697a7a6120476c6f77223b733a353a22696d616765223b733a33363a2237343837346166613339616261666165663037343339633863303837343433332e6a7067223b733a353a22726f776964223b733a33323a226135626663396530373936346638646464656239356663353834636439363564223b733a383a22737562746f74616c223b643a38393030303b7d7d);
INSERT INTO `toko_sessions` (`id`, `ip_address`, `timestamp`, `data`) VALUES
('8ea9c7ff808ecc8f1898510e772b31ca5acd858b', '127.0.0.1', 1461811605, 0x5f5f63695f6c6173745f726567656e65726174657c693a313436313831313336353b636172745f636f6e74656e74737c613a353a7b733a31303a22636172745f746f74616c223b643a3431353030303b733a31313a22746f74616c5f6974656d73223b643a333b733a33323a223334313661373566346365613931303935303763616364386532663261656663223b613a373a7b733a323a226964223b733a323a223431223b733a333a22717479223b643a313b733a353a227072696365223b643a3235303030303b733a343a226e616d65223b733a31333a2250697a7a61205072616e636973223b733a353a22696d616765223b733a33363a2237663365383538623562633932643334393034653164356439663030316437662e6a7067223b733a353a22726f776964223b733a33323a223334313661373566346365613931303935303763616364386532663261656663223b733a383a22737562746f74616c223b643a3235303030303b7d733a33323a223163333833636433306237633239386162353032393361646665636237623138223b613a373a7b733a323a226964223b733a323a223335223b733a333a22717479223b643a313b733a353a227072696365223b643a37363030303b733a343a226e616d65223b733a31323a2250697a7a61204372756e6368223b733a353a22696d616765223b733a33363a2235313536323862623863336434303836353034643561333737623633323566652e6a7067223b733a353a22726f776964223b733a33323a223163333833636433306237633239386162353032393361646665636237623138223b733a383a22737562746f74616c223b643a37363030303b7d733a33323a226135626663396530373936346638646464656239356663353834636439363564223b613a373a7b733a323a226964223b733a323a223337223b733a333a22717479223b643a313b733a353a227072696365223b643a38393030303b733a343a226e616d65223b733a31303a2250697a7a6120476c6f77223b733a353a22696d616765223b733a33363a2237343837346166613339616261666165663037343339633863303837343433332e6a7067223b733a353a22726f776964223b733a33323a226135626663396530373936346638646464656239356663353834636439363564223b733a383a22737562746f74616c223b643a38393030303b7d7d),
('6446395046a1084af4a92a24ca90f4aa89da752e', '127.0.0.1', 1461812037, 0x5f5f63695f6c6173745f726567656e65726174657c693a313436313831313733383b636172745f636f6e74656e74737c613a353a7b733a31303a22636172745f746f74616c223b643a3431353030303b733a31313a22746f74616c5f6974656d73223b643a333b733a33323a223334313661373566346365613931303935303763616364386532663261656663223b613a373a7b733a323a226964223b733a323a223431223b733a333a22717479223b643a313b733a353a227072696365223b643a3235303030303b733a343a226e616d65223b733a31333a2250697a7a61205072616e636973223b733a353a22696d616765223b733a33363a2237663365383538623562633932643334393034653164356439663030316437662e6a7067223b733a353a22726f776964223b733a33323a223334313661373566346365613931303935303763616364386532663261656663223b733a383a22737562746f74616c223b643a3235303030303b7d733a33323a223163333833636433306237633239386162353032393361646665636237623138223b613a373a7b733a323a226964223b733a323a223335223b733a333a22717479223b643a313b733a353a227072696365223b643a37363030303b733a343a226e616d65223b733a31323a2250697a7a61204372756e6368223b733a353a22696d616765223b733a33363a2235313536323862623863336434303836353034643561333737623633323566652e6a7067223b733a353a22726f776964223b733a33323a223163333833636433306237633239386162353032393361646665636237623138223b733a383a22737562746f74616c223b643a37363030303b7d733a33323a226135626663396530373936346638646464656239356663353834636439363564223b613a373a7b733a323a226964223b733a323a223337223b733a333a22717479223b643a313b733a353a227072696365223b643a38393030303b733a343a226e616d65223b733a31303a2250697a7a6120476c6f77223b733a353a22696d616765223b733a33363a2237343837346166613339616261666165663037343339633863303837343433332e6a7067223b733a353a22726f776964223b733a33323a226135626663396530373936346638646464656239356663353834636439363564223b733a383a22737562746f74616c223b643a38393030303b7d7d),
('079cb8d4b877aa474f9b4b436ec42b4df4130ae3', '127.0.0.1', 1461812335, 0x5f5f63695f6c6173745f726567656e65726174657c693a313436313831323036353b636172745f636f6e74656e74737c613a353a7b733a31303a22636172745f746f74616c223b643a3431353030303b733a31313a22746f74616c5f6974656d73223b643a333b733a33323a223334313661373566346365613931303935303763616364386532663261656663223b613a373a7b733a323a226964223b733a323a223431223b733a333a22717479223b643a313b733a353a227072696365223b643a3235303030303b733a343a226e616d65223b733a31333a2250697a7a61205072616e636973223b733a353a22696d616765223b733a33363a2237663365383538623562633932643334393034653164356439663030316437662e6a7067223b733a353a22726f776964223b733a33323a223334313661373566346365613931303935303763616364386532663261656663223b733a383a22737562746f74616c223b643a3235303030303b7d733a33323a223163333833636433306237633239386162353032393361646665636237623138223b613a373a7b733a323a226964223b733a323a223335223b733a333a22717479223b643a313b733a353a227072696365223b643a37363030303b733a343a226e616d65223b733a31323a2250697a7a61204372756e6368223b733a353a22696d616765223b733a33363a2235313536323862623863336434303836353034643561333737623633323566652e6a7067223b733a353a22726f776964223b733a33323a223163333833636433306237633239386162353032393361646665636237623138223b733a383a22737562746f74616c223b643a37363030303b7d733a33323a226135626663396530373936346638646464656239356663353834636439363564223b613a373a7b733a323a226964223b733a323a223337223b733a333a22717479223b643a313b733a353a227072696365223b643a38393030303b733a343a226e616d65223b733a31303a2250697a7a6120476c6f77223b733a353a22696d616765223b733a33363a2237343837346166613339616261666165663037343339633863303837343433332e6a7067223b733a353a22726f776964223b733a33323a226135626663396530373936346638646464656239356663353834636439363564223b733a383a22737562746f74616c223b643a38393030303b7d7d),
('002d4bd472c3692745f11fe7ea30b5cfe2a06cf9', '127.0.0.1', 1461812675, 0x5f5f63695f6c6173745f726567656e65726174657c693a313436313831323338333b636172745f636f6e74656e74737c613a353a7b733a31303a22636172745f746f74616c223b643a3431353030303b733a31313a22746f74616c5f6974656d73223b643a333b733a33323a223334313661373566346365613931303935303763616364386532663261656663223b613a373a7b733a323a226964223b733a323a223431223b733a333a22717479223b643a313b733a353a227072696365223b643a3235303030303b733a343a226e616d65223b733a31333a2250697a7a61205072616e636973223b733a353a22696d616765223b733a33363a2237663365383538623562633932643334393034653164356439663030316437662e6a7067223b733a353a22726f776964223b733a33323a223334313661373566346365613931303935303763616364386532663261656663223b733a383a22737562746f74616c223b643a3235303030303b7d733a33323a223163333833636433306237633239386162353032393361646665636237623138223b613a373a7b733a323a226964223b733a323a223335223b733a333a22717479223b643a313b733a353a227072696365223b643a37363030303b733a343a226e616d65223b733a31323a2250697a7a61204372756e6368223b733a353a22696d616765223b733a33363a2235313536323862623863336434303836353034643561333737623633323566652e6a7067223b733a353a22726f776964223b733a33323a223163333833636433306237633239386162353032393361646665636237623138223b733a383a22737562746f74616c223b643a37363030303b7d733a33323a226135626663396530373936346638646464656239356663353834636439363564223b613a373a7b733a323a226964223b733a323a223337223b733a333a22717479223b643a313b733a353a227072696365223b643a38393030303b733a343a226e616d65223b733a31303a2250697a7a6120476c6f77223b733a353a22696d616765223b733a33363a2237343837346166613339616261666165663037343339633863303837343433332e6a7067223b733a353a22726f776964223b733a33323a226135626663396530373936346638646464656239356663353834636439363564223b733a383a22737562746f74616c223b643a38393030303b7d7d),
('76dd80adfe9d777c2a2ab1aca2603a7023cd46c3', '127.0.0.1', 1461812971, 0x5f5f63695f6c6173745f726567656e65726174657c693a313436313831323639393b636172745f636f6e74656e74737c613a353a7b733a31303a22636172745f746f74616c223b643a3431353030303b733a31313a22746f74616c5f6974656d73223b643a333b733a33323a223334313661373566346365613931303935303763616364386532663261656663223b613a373a7b733a323a226964223b733a323a223431223b733a333a22717479223b643a313b733a353a227072696365223b643a3235303030303b733a343a226e616d65223b733a31333a2250697a7a61205072616e636973223b733a353a22696d616765223b733a33363a2237663365383538623562633932643334393034653164356439663030316437662e6a7067223b733a353a22726f776964223b733a33323a223334313661373566346365613931303935303763616364386532663261656663223b733a383a22737562746f74616c223b643a3235303030303b7d733a33323a223163333833636433306237633239386162353032393361646665636237623138223b613a373a7b733a323a226964223b733a323a223335223b733a333a22717479223b643a313b733a353a227072696365223b643a37363030303b733a343a226e616d65223b733a31323a2250697a7a61204372756e6368223b733a353a22696d616765223b733a33363a2235313536323862623863336434303836353034643561333737623633323566652e6a7067223b733a353a22726f776964223b733a33323a223163333833636433306237633239386162353032393361646665636237623138223b733a383a22737562746f74616c223b643a37363030303b7d733a33323a226135626663396530373936346638646464656239356663353834636439363564223b613a373a7b733a323a226964223b733a323a223337223b733a333a22717479223b643a313b733a353a227072696365223b643a38393030303b733a343a226e616d65223b733a31303a2250697a7a6120476c6f77223b733a353a22696d616765223b733a33363a2237343837346166613339616261666165663037343339633863303837343433332e6a7067223b733a353a22726f776964223b733a33323a226135626663396530373936346638646464656239356663353834636439363564223b733a383a22737562746f74616c223b643a38393030303b7d7d),
('7b633c74ed757fdc1e23114afe4aed01f678fbb6', '127.0.0.1', 1461813310, 0x5f5f63695f6c6173745f726567656e65726174657c693a313436313831333032303b636172745f636f6e74656e74737c613a353a7b733a31303a22636172745f746f74616c223b643a3431353030303b733a31313a22746f74616c5f6974656d73223b643a333b733a33323a223334313661373566346365613931303935303763616364386532663261656663223b613a373a7b733a323a226964223b733a323a223431223b733a333a22717479223b643a313b733a353a227072696365223b643a3235303030303b733a343a226e616d65223b733a31333a2250697a7a61205072616e636973223b733a353a22696d616765223b733a33363a2237663365383538623562633932643334393034653164356439663030316437662e6a7067223b733a353a22726f776964223b733a33323a223334313661373566346365613931303935303763616364386532663261656663223b733a383a22737562746f74616c223b643a3235303030303b7d733a33323a223163333833636433306237633239386162353032393361646665636237623138223b613a373a7b733a323a226964223b733a323a223335223b733a333a22717479223b643a313b733a353a227072696365223b643a37363030303b733a343a226e616d65223b733a31323a2250697a7a61204372756e6368223b733a353a22696d616765223b733a33363a2235313536323862623863336434303836353034643561333737623633323566652e6a7067223b733a353a22726f776964223b733a33323a223163333833636433306237633239386162353032393361646665636237623138223b733a383a22737562746f74616c223b643a37363030303b7d733a33323a226135626663396530373936346638646464656239356663353834636439363564223b613a373a7b733a323a226964223b733a323a223337223b733a333a22717479223b643a313b733a353a227072696365223b643a38393030303b733a343a226e616d65223b733a31303a2250697a7a6120476c6f77223b733a353a22696d616765223b733a33363a2237343837346166613339616261666165663037343339633863303837343433332e6a7067223b733a353a22726f776964223b733a33323a226135626663396530373936346638646464656239356663353834636439363564223b733a383a22737562746f74616c223b643a38393030303b7d7d),
('48634bed4eeaad7ba61f2374db5a06716e96191d', '127.0.0.1', 1461813642, 0x5f5f63695f6c6173745f726567656e65726174657c693a313436313831333334373b636172745f636f6e74656e74737c613a353a7b733a31303a22636172745f746f74616c223b643a3431353030303b733a31313a22746f74616c5f6974656d73223b643a333b733a33323a223334313661373566346365613931303935303763616364386532663261656663223b613a373a7b733a323a226964223b733a323a223431223b733a333a22717479223b643a313b733a353a227072696365223b643a3235303030303b733a343a226e616d65223b733a31333a2250697a7a61205072616e636973223b733a353a22696d616765223b733a33363a2237663365383538623562633932643334393034653164356439663030316437662e6a7067223b733a353a22726f776964223b733a33323a223334313661373566346365613931303935303763616364386532663261656663223b733a383a22737562746f74616c223b643a3235303030303b7d733a33323a223163333833636433306237633239386162353032393361646665636237623138223b613a373a7b733a323a226964223b733a323a223335223b733a333a22717479223b643a313b733a353a227072696365223b643a37363030303b733a343a226e616d65223b733a31323a2250697a7a61204372756e6368223b733a353a22696d616765223b733a33363a2235313536323862623863336434303836353034643561333737623633323566652e6a7067223b733a353a22726f776964223b733a33323a223163333833636433306237633239386162353032393361646665636237623138223b733a383a22737562746f74616c223b643a37363030303b7d733a33323a226135626663396530373936346638646464656239356663353834636439363564223b613a373a7b733a323a226964223b733a323a223337223b733a333a22717479223b643a313b733a353a227072696365223b643a38393030303b733a343a226e616d65223b733a31303a2250697a7a6120476c6f77223b733a353a22696d616765223b733a33363a2237343837346166613339616261666165663037343339633863303837343433332e6a7067223b733a353a22726f776964223b733a33323a226135626663396530373936346638646464656239356663353834636439363564223b733a383a22737562746f74616c223b643a38393030303b7d7d),
('d3cab43e40a95f6c1b88c6609a2d6f16d49ac161', '127.0.0.1', 1461813957, 0x5f5f63695f6c6173745f726567656e65726174657c693a313436313831333636363b636172745f636f6e74656e74737c613a353a7b733a31303a22636172745f746f74616c223b643a3431353030303b733a31313a22746f74616c5f6974656d73223b643a333b733a33323a223334313661373566346365613931303935303763616364386532663261656663223b613a373a7b733a323a226964223b733a323a223431223b733a333a22717479223b643a313b733a353a227072696365223b643a3235303030303b733a343a226e616d65223b733a31333a2250697a7a61205072616e636973223b733a353a22696d616765223b733a33363a2237663365383538623562633932643334393034653164356439663030316437662e6a7067223b733a353a22726f776964223b733a33323a223334313661373566346365613931303935303763616364386532663261656663223b733a383a22737562746f74616c223b643a3235303030303b7d733a33323a223163333833636433306237633239386162353032393361646665636237623138223b613a373a7b733a323a226964223b733a323a223335223b733a333a22717479223b643a313b733a353a227072696365223b643a37363030303b733a343a226e616d65223b733a31323a2250697a7a61204372756e6368223b733a353a22696d616765223b733a33363a2235313536323862623863336434303836353034643561333737623633323566652e6a7067223b733a353a22726f776964223b733a33323a223163333833636433306237633239386162353032393361646665636237623138223b733a383a22737562746f74616c223b643a37363030303b7d733a33323a226135626663396530373936346638646464656239356663353834636439363564223b613a373a7b733a323a226964223b733a323a223337223b733a333a22717479223b643a313b733a353a227072696365223b643a38393030303b733a343a226e616d65223b733a31303a2250697a7a6120476c6f77223b733a353a22696d616765223b733a33363a2237343837346166613339616261666165663037343339633863303837343433332e6a7067223b733a353a22726f776964223b733a33323a226135626663396530373936346638646464656239356663353834636439363564223b733a383a22737562746f74616c223b643a38393030303b7d7d),
('c2e13bcf5c860644d77f5c987cca46a5ab339c29', '127.0.0.1', 1461814277, 0x5f5f63695f6c6173745f726567656e65726174657c693a313436313831333938393b636172745f636f6e74656e74737c613a353a7b733a31303a22636172745f746f74616c223b643a3431353030303b733a31313a22746f74616c5f6974656d73223b643a333b733a33323a223334313661373566346365613931303935303763616364386532663261656663223b613a373a7b733a323a226964223b733a323a223431223b733a333a22717479223b643a313b733a353a227072696365223b643a3235303030303b733a343a226e616d65223b733a31333a2250697a7a61205072616e636973223b733a353a22696d616765223b733a33363a2237663365383538623562633932643334393034653164356439663030316437662e6a7067223b733a353a22726f776964223b733a33323a223334313661373566346365613931303935303763616364386532663261656663223b733a383a22737562746f74616c223b643a3235303030303b7d733a33323a223163333833636433306237633239386162353032393361646665636237623138223b613a373a7b733a323a226964223b733a323a223335223b733a333a22717479223b643a313b733a353a227072696365223b643a37363030303b733a343a226e616d65223b733a31323a2250697a7a61204372756e6368223b733a353a22696d616765223b733a33363a2235313536323862623863336434303836353034643561333737623633323566652e6a7067223b733a353a22726f776964223b733a33323a223163333833636433306237633239386162353032393361646665636237623138223b733a383a22737562746f74616c223b643a37363030303b7d733a33323a226135626663396530373936346638646464656239356663353834636439363564223b613a373a7b733a323a226964223b733a323a223337223b733a333a22717479223b643a313b733a353a227072696365223b643a38393030303b733a343a226e616d65223b733a31303a2250697a7a6120476c6f77223b733a353a22696d616765223b733a33363a2237343837346166613339616261666165663037343339633863303837343433332e6a7067223b733a353a22726f776964223b733a33323a226135626663396530373936346638646464656239356663353834636439363564223b733a383a22737562746f74616c223b643a38393030303b7d7d),
('d19703ef08359c09801c3cb4695569b08967cbd1', '127.0.0.1', 1461814589, 0x5f5f63695f6c6173745f726567656e65726174657c693a313436313831343330353b636172745f636f6e74656e74737c613a353a7b733a31303a22636172745f746f74616c223b643a3431353030303b733a31313a22746f74616c5f6974656d73223b643a333b733a33323a223334313661373566346365613931303935303763616364386532663261656663223b613a373a7b733a323a226964223b733a323a223431223b733a333a22717479223b643a313b733a353a227072696365223b643a3235303030303b733a343a226e616d65223b733a31333a2250697a7a61205072616e636973223b733a353a22696d616765223b733a33363a2237663365383538623562633932643334393034653164356439663030316437662e6a7067223b733a353a22726f776964223b733a33323a223334313661373566346365613931303935303763616364386532663261656663223b733a383a22737562746f74616c223b643a3235303030303b7d733a33323a223163333833636433306237633239386162353032393361646665636237623138223b613a373a7b733a323a226964223b733a323a223335223b733a333a22717479223b643a313b733a353a227072696365223b643a37363030303b733a343a226e616d65223b733a31323a2250697a7a61204372756e6368223b733a353a22696d616765223b733a33363a2235313536323862623863336434303836353034643561333737623633323566652e6a7067223b733a353a22726f776964223b733a33323a223163333833636433306237633239386162353032393361646665636237623138223b733a383a22737562746f74616c223b643a37363030303b7d733a33323a226135626663396530373936346638646464656239356663353834636439363564223b613a373a7b733a323a226964223b733a323a223337223b733a333a22717479223b643a313b733a353a227072696365223b643a38393030303b733a343a226e616d65223b733a31303a2250697a7a6120476c6f77223b733a353a22696d616765223b733a33363a2237343837346166613339616261666165663037343339633863303837343433332e6a7067223b733a353a22726f776964223b733a33323a226135626663396530373936346638646464656239356663353834636439363564223b733a383a22737562746f74616c223b643a38393030303b7d7d),
('9badcea7131acc922e18529f5f0684ee2c29eac1', '127.0.0.1', 1461814686, 0x5f5f63695f6c6173745f726567656e65726174657c693a313436313831343632323b636172745f636f6e74656e74737c613a353a7b733a31303a22636172745f746f74616c223b643a3431353030303b733a31313a22746f74616c5f6974656d73223b643a333b733a33323a223334313661373566346365613931303935303763616364386532663261656663223b613a373a7b733a323a226964223b733a323a223431223b733a333a22717479223b643a313b733a353a227072696365223b643a3235303030303b733a343a226e616d65223b733a31333a2250697a7a61205072616e636973223b733a353a22696d616765223b733a33363a2237663365383538623562633932643334393034653164356439663030316437662e6a7067223b733a353a22726f776964223b733a33323a223334313661373566346365613931303935303763616364386532663261656663223b733a383a22737562746f74616c223b643a3235303030303b7d733a33323a223163333833636433306237633239386162353032393361646665636237623138223b613a373a7b733a323a226964223b733a323a223335223b733a333a22717479223b643a313b733a353a227072696365223b643a37363030303b733a343a226e616d65223b733a31323a2250697a7a61204372756e6368223b733a353a22696d616765223b733a33363a2235313536323862623863336434303836353034643561333737623633323566652e6a7067223b733a353a22726f776964223b733a33323a223163333833636433306237633239386162353032393361646665636237623138223b733a383a22737562746f74616c223b643a37363030303b7d733a33323a226135626663396530373936346638646464656239356663353834636439363564223b613a373a7b733a323a226964223b733a323a223337223b733a333a22717479223b643a313b733a353a227072696365223b643a38393030303b733a343a226e616d65223b733a31303a2250697a7a6120476c6f77223b733a353a22696d616765223b733a33363a2237343837346166613339616261666165663037343339633863303837343433332e6a7067223b733a353a22726f776964223b733a33323a226135626663396530373936346638646464656239356663353834636439363564223b733a383a22737562746f74616c223b643a38393030303b7d7d757365726e616d657c733a343a22616e6479223b67726f75707c733a313a2232223b),
('d35379a66c56dc455b55b2c560a0fe3b9be3ecb2', '127.0.0.1', 1461815212, 0x5f5f63695f6c6173745f726567656e65726174657c693a313436313831343934313b757365726e616d657c733a343a22616e6479223b67726f75707c733a313a2232223b),
('682c53cd31358409d307c0d5f5b6e9209aca46e8', '127.0.0.1', 1461815433, 0x5f5f63695f6c6173745f726567656e65726174657c693a313436313831353235303b757365726e616d657c733a343a22616e6479223b67726f75707c733a313a2232223b636172745f636f6e74656e74737c613a343a7b733a31303a22636172745f746f74616c223b643a3232303030303b733a31313a22746f74616c5f6974656d73223b643a323b733a33323a226135373731626365393365323030633336663763643964666430653564656161223b613a373a7b733a323a226964223b733a323a223338223b733a333a22717479223b643a313b733a353a227072696365223b643a3133303030303b733a343a226e616d65223b733a31323a2250697a7a61204d616d626f6f223b733a353a22696d616765223b733a33363a2233376534343430393838376430363130316436353463666166633936666238362e6a7067223b733a353a22726f776964223b733a33323a226135373731626365393365323030633336663763643964666430653564656161223b733a383a22737562746f74616c223b643a3133303030303b7d733a33323a226436343539323065333935666564616437626262656430656361336665326530223b613a373a7b733a323a226964223b733a323a223430223b733a333a22717479223b643a313b733a353a227072696365223b643a39303030303b733a343a226e616d65223b733a31323a2250697a7a61204b69736d6973223b733a353a22696d616765223b733a33363a2231383031653962363661363636303561363038656465393031663831393863642e6a7067223b733a353a22726f776964223b733a33323a226436343539323065333935666564616437626262656430656361336665326530223b733a383a22737562746f74616c223b643a39303030303b7d7d),
('864f4d6b01bfd9e3108ae8c211c5cffa19c6da15', '127.0.0.1', 1461815581, 0x5f5f63695f6c6173745f726567656e65726174657c693a313436313831353537363b757365726e616d657c733a343a22616e6479223b67726f75707c733a313a2232223b636172745f636f6e74656e74737c613a333a7b733a31303a22636172745f746f74616c223b643a39303030303b733a31313a22746f74616c5f6974656d73223b643a313b733a33323a226436343539323065333935666564616437626262656430656361336665326530223b613a373a7b733a323a226964223b733a323a223430223b733a333a22717479223b643a313b733a353a227072696365223b643a39303030303b733a343a226e616d65223b733a31323a2250697a7a61204b69736d6973223b733a353a22696d616765223b733a33363a2231383031653962363661363636303561363038656465393031663831393863642e6a7067223b733a353a22726f776964223b733a33323a226436343539323065333935666564616437626262656430656361336665326530223b733a383a22737562746f74616c223b643a39303030303b7d7d706573616e7c613a333a7b733a373a226d657373616765223b733a33303a224d656e7520706573616e616e20626572686173696c20646968617075732e223b733a353a22636c617373223b733a373a2273756363657373223b733a353a227469746c65223b733a383a22426572686173696c223b7d5f5f63695f766172737c613a313a7b733a353a22706573616e223b733a333a226f6c64223b7d),
('0b487b81067bfe2e4983c5fb7237169668547396', '127.0.0.1', 1461816233, 0x5f5f63695f6c6173745f726567656e65726174657c693a313436313831353933373b757365726e616d657c733a343a22616e6479223b67726f75707c733a313a2232223b636172745f636f6e74656e74737c613a333a7b733a31303a22636172745f746f74616c223b643a3435303030303b733a31313a22746f74616c5f6974656d73223b643a353b733a33323a226436343539323065333935666564616437626262656430656361336665326530223b613a373a7b733a323a226964223b733a323a223430223b733a333a22717479223b643a353b733a353a227072696365223b643a39303030303b733a343a226e616d65223b733a31323a2250697a7a61204b69736d6973223b733a353a22696d616765223b733a33363a2231383031653962363661363636303561363038656465393031663831393863642e6a7067223b733a353a22726f776964223b733a33323a226436343539323065333935666564616437626262656430656361336665326530223b733a383a22737562746f74616c223b643a3435303030303b7d7d),
('19d8d9a3f4994008fe9422976c0f755e00a74e47', '127.0.0.1', 1461816528, 0x5f5f63695f6c6173745f726567656e65726174657c693a313436313831363234373b757365726e616d657c733a343a22616e6479223b67726f75707c733a313a2232223b636172745f636f6e74656e74737c613a353a7b733a31303a22636172745f746f74616c223b643a3638313030303b733a31313a22746f74616c5f6974656d73223b643a383b733a33323a226436343539323065333935666564616437626262656430656361336665326530223b613a373a7b733a323a226964223b733a323a223430223b733a333a22717479223b643a363b733a353a227072696365223b643a39303030303b733a343a226e616d65223b733a31323a2250697a7a61204b69736d6973223b733a353a22696d616765223b733a33363a2231383031653962363661363636303561363038656465393031663831393863642e6a7067223b733a353a22726f776964223b733a33323a226436343539323065333935666564616437626262656430656361336665326530223b733a383a22737562746f74616c223b643a3534303030303b7d733a33323a223163333833636433306237633239386162353032393361646665636237623138223b613a373a7b733a323a226964223b733a323a223335223b733a333a22717479223b643a313b733a353a227072696365223b643a37363030303b733a343a226e616d65223b733a31323a2250697a7a61204372756e6368223b733a353a22696d616765223b733a33363a2235313536323862623863336434303836353034643561333737623633323566652e6a7067223b733a353a22726f776964223b733a33323a223163333833636433306237633239386162353032393361646665636237623138223b733a383a22737562746f74616c223b643a37363030303b7d733a33323a223138326265306335636463643530373262623138363463646565346433643665223b613a373a7b733a323a226964223b733a323a223333223b733a333a22717479223b643a313b733a353a227072696365223b643a36353030303b733a343a226e616d65223b733a31313a2250697a7a61205370696379223b733a353a22696d616765223b733a33363a2232663235643933626436383937346138653936393736376537636135343237662e6a7067223b733a353a22726f776964223b733a33323a223138326265306335636463643530373262623138363463646565346433643665223b733a383a22737562746f74616c223b643a36353030303b7d7d),
('6f2c50a01893f85e677a42c85b5f0a3e681cc504', '127.0.0.1', 1461816699, 0x5f5f63695f6c6173745f726567656e65726174657c693a313436313831363535353b757365726e616d657c733a343a22616e6479223b67726f75707c733a313a2232223b636172745f636f6e74656e74737c613a353a7b733a31303a22636172745f746f74616c223b643a3638313030303b733a31313a22746f74616c5f6974656d73223b643a383b733a33323a226436343539323065333935666564616437626262656430656361336665326530223b613a373a7b733a323a226964223b733a323a223430223b733a333a22717479223b643a363b733a353a227072696365223b643a39303030303b733a343a226e616d65223b733a31323a2250697a7a61204b69736d6973223b733a353a22696d616765223b733a33363a2231383031653962363661363636303561363038656465393031663831393863642e6a7067223b733a353a22726f776964223b733a33323a226436343539323065333935666564616437626262656430656361336665326530223b733a383a22737562746f74616c223b643a3534303030303b7d733a33323a223163333833636433306237633239386162353032393361646665636237623138223b613a373a7b733a323a226964223b733a323a223335223b733a333a22717479223b643a313b733a353a227072696365223b643a37363030303b733a343a226e616d65223b733a31323a2250697a7a61204372756e6368223b733a353a22696d616765223b733a33363a2235313536323862623863336434303836353034643561333737623633323566652e6a7067223b733a353a22726f776964223b733a33323a223163333833636433306237633239386162353032393361646665636237623138223b733a383a22737562746f74616c223b643a37363030303b7d733a33323a223138326265306335636463643530373262623138363463646565346433643665223b613a373a7b733a323a226964223b733a323a223333223b733a333a22717479223b643a313b733a353a227072696365223b643a36353030303b733a343a226e616d65223b733a31313a2250697a7a61205370696379223b733a353a22696d616765223b733a33363a2232663235643933626436383937346138653936393736376537636135343237662e6a7067223b733a353a22726f776964223b733a33323a223138326265306335636463643530373262623138363463646565346433643665223b733a383a22737562746f74616c223b643a36353030303b7d7d),
('8a77bb89f3f239b340f5c32b0e627cf35c60b6c7', '127.0.0.1', 1461823935, 0x5f5f63695f6c6173745f726567656e65726174657c693a313436313832333633363b757365726e616d657c733a343a22616e6479223b67726f75707c733a313a2232223b636172745f636f6e74656e74737c613a343a7b733a31303a22636172745f746f74616c223b643a3134313030303b733a31313a22746f74616c5f6974656d73223b643a323b733a33323a223163333833636433306237633239386162353032393361646665636237623138223b613a373a7b733a323a226964223b733a323a223335223b733a333a22717479223b643a313b733a353a227072696365223b643a37363030303b733a343a226e616d65223b733a31323a2250697a7a61204372756e6368223b733a353a22696d616765223b733a33363a2235313536323862623863336434303836353034643561333737623633323566652e6a7067223b733a353a22726f776964223b733a33323a223163333833636433306237633239386162353032393361646665636237623138223b733a383a22737562746f74616c223b643a37363030303b7d733a33323a223138326265306335636463643530373262623138363463646565346433643665223b613a373a7b733a323a226964223b733a323a223333223b733a333a22717479223b643a313b733a353a227072696365223b643a36353030303b733a343a226e616d65223b733a31313a2250697a7a61205370696379223b733a353a22696d616765223b733a33363a2232663235643933626436383937346138653936393736376537636135343237662e6a7067223b733a353a22726f776964223b733a33323a223138326265306335636463643530373262623138363463646565346433643665223b733a383a22737562746f74616c223b643a36353030303b7d7d),
('6952eae520ed86d2b270d3fb3c45c28c50c5ed45', '127.0.0.1', 1461824222, 0x5f5f63695f6c6173745f726567656e65726174657c693a313436313832333935323b757365726e616d657c733a343a22616e6479223b67726f75707c733a313a2232223b636172745f636f6e74656e74737c613a343a7b733a31303a22636172745f746f74616c223b643a3134313030303b733a31313a22746f74616c5f6974656d73223b643a323b733a33323a223163333833636433306237633239386162353032393361646665636237623138223b613a373a7b733a323a226964223b733a323a223335223b733a333a22717479223b643a313b733a353a227072696365223b643a37363030303b733a343a226e616d65223b733a31323a2250697a7a61204372756e6368223b733a353a22696d616765223b733a33363a2235313536323862623863336434303836353034643561333737623633323566652e6a7067223b733a353a22726f776964223b733a33323a223163333833636433306237633239386162353032393361646665636237623138223b733a383a22737562746f74616c223b643a37363030303b7d733a33323a223138326265306335636463643530373262623138363463646565346433643665223b613a373a7b733a323a226964223b733a323a223333223b733a333a22717479223b643a313b733a353a227072696365223b643a36353030303b733a343a226e616d65223b733a31313a2250697a7a61205370696379223b733a353a22696d616765223b733a33363a2232663235643933626436383937346138653936393736376537636135343237662e6a7067223b733a353a22726f776964223b733a33323a223138326265306335636463643530373262623138363463646565346433643665223b733a383a22737562746f74616c223b643a36353030303b7d7d),
('44f1def03a8af8aa917c418bb85e6c87dfa82406', '127.0.0.1', 1461824472, 0x5f5f63695f6c6173745f726567656e65726174657c693a313436313832343236303b757365726e616d657c733a343a22616e6479223b67726f75707c733a313a2232223b636172745f636f6e74656e74737c613a343a7b733a31303a22636172745f746f74616c223b643a3134313030303b733a31313a22746f74616c5f6974656d73223b643a323b733a33323a223163333833636433306237633239386162353032393361646665636237623138223b613a373a7b733a323a226964223b733a323a223335223b733a333a22717479223b643a313b733a353a227072696365223b643a37363030303b733a343a226e616d65223b733a31323a2250697a7a61204372756e6368223b733a353a22696d616765223b733a33363a2235313536323862623863336434303836353034643561333737623633323566652e6a7067223b733a353a22726f776964223b733a33323a223163333833636433306237633239386162353032393361646665636237623138223b733a383a22737562746f74616c223b643a37363030303b7d733a33323a223138326265306335636463643530373262623138363463646565346433643665223b613a373a7b733a323a226964223b733a323a223333223b733a333a22717479223b643a313b733a353a227072696365223b643a36353030303b733a343a226e616d65223b733a31313a2250697a7a61205370696379223b733a353a22696d616765223b733a33363a2232663235643933626436383937346138653936393736376537636135343237662e6a7067223b733a353a22726f776964223b733a33323a223138326265306335636463643530373262623138363463646565346433643665223b733a383a22737562746f74616c223b643a36353030303b7d7d),
('d68f4df396e1ed15e621032bf84f0afbbbffdfb3', '127.0.0.1', 1461895887, 0x5f5f63695f6c6173745f726567656e65726174657c693a313436313839353838363b),
('6db405075ccf6dfdef745f56e37e8b6b916b6984', '127.0.0.1', 1461895888, 0x5f5f63695f6c6173745f726567656e65726174657c693a313436313839353838383b),
('3189466081f33435d905a7ce26d09c5e777b3f19', '127.0.0.1', 1461998082, 0x5f5f63695f6c6173745f726567656e65726174657c693a313436313939383038323b),
('dd340ee493ddce5195d196266b3c83ae247cbea3', '127.0.0.1', 1461998893, 0x5f5f63695f6c6173745f726567656e65726174657c693a313436313939383839333b),
('f62c5a041eb34be6ae9c253b2e49bf5f6dcdda82', '127.0.0.1', 1462000354, 0x5f5f63695f6c6173745f726567656e65726174657c693a313436323030303334353b),
('02c54a2575374c943ff31c6a1473b74bfad3c47d', '127.0.0.1', 1462005288, 0x5f5f63695f6c6173745f726567656e65726174657c693a313436323030353235303b),
('dc96faa60c083569e13bf711172aab2e5837a8b3', '127.0.0.1', 1462006122, 0x5f5f63695f6c6173745f726567656e65726174657c693a313436323030363131313b),
('7933153b6a6d0fcae9118ac1aacee6de992810ef', '127.0.0.1', 1462007338, 0x5f5f63695f6c6173745f726567656e65726174657c693a313436323030373333383b),
('08e3d50f68bde58525bf942a56e8d95cf8d1f685', '127.0.0.1', 1462010354, 0x5f5f63695f6c6173745f726567656e65726174657c693a313436323031303038303b),
('585712e5ed01e47706effca8d58c32f49183eba9', '127.0.0.1', 1462010560, 0x5f5f63695f6c6173745f726567656e65726174657c693a313436323031303338323b),
('30d1f37723c1ff08085d5a242290b33e354732b7', '127.0.0.1', 1462011340, 0x5f5f63695f6c6173745f726567656e65726174657c693a313436323031313333393b),
('908c4f744abdacf44f5c994b664c362dc80fd6be', '127.0.0.1', 1462012573, 0x5f5f63695f6c6173745f726567656e65726174657c693a313436323031323239393b),
('79b7e843aefdd85e0534c8c128990181662bb829', '127.0.0.1', 1462015104, 0x5f5f63695f6c6173745f726567656e65726174657c693a313436323031343831363b757365726e616d657c4e3b66756c6c6e616d657c4e3b67726f75707c4e3b),
('a09c7161741ca54a57b05a2ac81bbcb7b280e26a', '127.0.0.1', 1462015407, 0x5f5f63695f6c6173745f726567656e65726174657c693a313436323031353238303b757365726e616d657c733a353a22646f646f6c223b66756c6c6e616d657c733a353a22446f646f6c223b67726f75707c693a323b636172745f636f6e74656e74737c613a353a7b733a31303a22636172745f746f74616c223b643a3236303030303b733a31313a22746f74616c5f6974656d73223b643a333b733a33323a226533363938353364663736366661343465316564306666363133663536336264223b613a373a7b733a323a226964223b733a323a223334223b733a333a22717479223b643a313b733a353a227072696365223b643a39353030303b733a343a226e616d65223b733a31313a2250697a7a61205461737479223b733a353a22696d616765223b733a33363a2235383934653661633634636565306530663965643137396433616463313335632e6a7067223b733a353a22726f776964223b733a33323a226533363938353364663736366661343465316564306666363133663536336264223b733a383a22737562746f74616c223b643a39353030303b7d733a33323a223163333833636433306237633239386162353032393361646665636237623138223b613a373a7b733a323a226964223b733a323a223335223b733a333a22717479223b643a313b733a353a227072696365223b643a37363030303b733a343a226e616d65223b733a31323a2250697a7a61204372756e6368223b733a353a22696d616765223b733a33363a2235313536323862623863336434303836353034643561333737623633323566652e6a7067223b733a353a22726f776964223b733a33323a223163333833636433306237633239386162353032393361646665636237623138223b733a383a22737562746f74616c223b643a37363030303b7d733a33323a226135626663396530373936346638646464656239356663353834636439363564223b613a373a7b733a323a226964223b733a323a223337223b733a333a22717479223b643a313b733a353a227072696365223b643a38393030303b733a343a226e616d65223b733a31303a2250697a7a6120476c6f77223b733a353a22696d616765223b733a33363a2237343837346166613339616261666165663037343339633863303837343433332e6a7067223b733a353a22726f776964223b733a33323a226135626663396530373936346638646464656239356663353834636439363564223b733a383a22737562746f74616c223b643a38393030303b7d7d),
('b5e6ed5b1419c70f6879eaaa51aba32e59a675b3', '127.0.0.1', 1462015766, 0x5f5f63695f6c6173745f726567656e65726174657c693a313436323031353636353b757365726e616d657c733a353a22646f646f6c223b66756c6c6e616d657c733a353a22446f646f6c223b67726f75707c693a323b636172745f636f6e74656e74737c613a353a7b733a31303a22636172745f746f74616c223b643a3434343030303b733a31313a22746f74616c5f6974656d73223b643a353b733a33323a226533363938353364663736366661343465316564306666363133663536336264223b613a373a7b733a323a226964223b733a323a223334223b733a333a22717479223b643a323b733a353a227072696365223b643a39353030303b733a343a226e616d65223b733a31313a2250697a7a61205461737479223b733a353a22696d616765223b733a33363a2235383934653661633634636565306530663965643137396433616463313335632e6a7067223b733a353a22726f776964223b733a33323a226533363938353364663736366661343465316564306666363133663536336264223b733a383a22737562746f74616c223b643a3139303030303b7d733a33323a223163333833636433306237633239386162353032393361646665636237623138223b613a373a7b733a323a226964223b733a323a223335223b733a333a22717479223b643a313b733a353a227072696365223b643a37363030303b733a343a226e616d65223b733a31323a2250697a7a61204372756e6368223b733a353a22696d616765223b733a33363a2235313536323862623863336434303836353034643561333737623633323566652e6a7067223b733a353a22726f776964223b733a33323a223163333833636433306237633239386162353032393361646665636237623138223b733a383a22737562746f74616c223b643a37363030303b7d733a33323a226135626663396530373936346638646464656239356663353834636439363564223b613a373a7b733a323a226964223b733a323a223337223b733a333a22717479223b643a323b733a353a227072696365223b643a38393030303b733a343a226e616d65223b733a31303a2250697a7a6120476c6f77223b733a353a22696d616765223b733a33363a2237343837346166613339616261666165663037343339633863303837343433332e6a7067223b733a353a22726f776964223b733a33323a226135626663396530373936346638646464656239356663353834636439363564223b733a383a22737562746f74616c223b643a3137383030303b7d7d706573616e7c613a333a7b733a373a226d657373616765223b733a33313a224a756d6c616820706573616e616e20626572686173696c206469756261682e223b733a353a22636c617373223b733a373a2273756363657373223b733a353a227469746c65223b733a383a22426572686173696c223b7d5f5f63695f766172737c613a313a7b733a353a22706573616e223b733a333a226f6c64223b7d),
('99982bca9ef8de6845293dd2be0c03c5e2f4bc1a', '127.0.0.1', 1462016467, 0x5f5f63695f6c6173745f726567656e65726174657c693a313436323031363336313b757365726e616d657c733a353a22646f646f6c223b66756c6c6e616d657c733a353a22446f646f6c223b67726f75707c693a323b636172745f636f6e74656e74737c613a353a7b733a31303a22636172745f746f74616c223b643a3731313030303b733a31313a22746f74616c5f6974656d73223b643a383b733a33323a226533363938353364663736366661343465316564306666363133663536336264223b613a373a7b733a323a226964223b733a323a223334223b733a333a22717479223b643a323b733a353a227072696365223b643a39353030303b733a343a226e616d65223b733a31313a2250697a7a61205461737479223b733a353a22696d616765223b733a33363a2235383934653661633634636565306530663965643137396433616463313335632e6a7067223b733a353a22726f776964223b733a33323a226533363938353364663736366661343465316564306666363133663536336264223b733a383a22737562746f74616c223b643a3139303030303b7d733a33323a223163333833636433306237633239386162353032393361646665636237623138223b613a373a7b733a323a226964223b733a323a223335223b733a333a22717479223b643a313b733a353a227072696365223b643a37363030303b733a343a226e616d65223b733a31323a2250697a7a61204372756e6368223b733a353a22696d616765223b733a33363a2235313536323862623863336434303836353034643561333737623633323566652e6a7067223b733a353a22726f776964223b733a33323a223163333833636433306237633239386162353032393361646665636237623138223b733a383a22737562746f74616c223b643a37363030303b7d733a33323a226135626663396530373936346638646464656239356663353834636439363564223b613a373a7b733a323a226964223b733a323a223337223b733a333a22717479223b643a353b733a353a227072696365223b643a38393030303b733a343a226e616d65223b733a31303a2250697a7a6120476c6f77223b733a353a22696d616765223b733a33363a2237343837346166613339616261666165663037343339633863303837343433332e6a7067223b733a353a22726f776964223b733a33323a226135626663396530373936346638646464656239356663353834636439363564223b733a383a22737562746f74616c223b643a3434353030303b7d7d706573616e7c613a333a7b733a373a226d657373616765223b733a33313a224a756d6c616820706573616e616e20626572686173696c206469756261682e223b733a353a22636c617373223b733a373a2273756363657373223b733a353a227469746c65223b733a383a22426572686173696c223b7d5f5f63695f766172737c613a313a7b733a353a22706573616e223b733a333a226f6c64223b7d),
('85c8bffec6198b4c57dcf8728a9e4062eb824ace', '127.0.0.1', 1462016796, 0x5f5f63695f6c6173745f726567656e65726174657c693a313436323031363739363b757365726e616d657c733a353a22646f646f6c223b66756c6c6e616d657c733a353a22446f646f6c223b67726f75707c693a323b636172745f636f6e74656e74737c613a353a7b733a31303a22636172745f746f74616c223b643a3731313030303b733a31313a22746f74616c5f6974656d73223b643a383b733a33323a226533363938353364663736366661343465316564306666363133663536336264223b613a373a7b733a323a226964223b733a323a223334223b733a333a22717479223b643a323b733a353a227072696365223b643a39353030303b733a343a226e616d65223b733a31313a2250697a7a61205461737479223b733a353a22696d616765223b733a33363a2235383934653661633634636565306530663965643137396433616463313335632e6a7067223b733a353a22726f776964223b733a33323a226533363938353364663736366661343465316564306666363133663536336264223b733a383a22737562746f74616c223b643a3139303030303b7d733a33323a223163333833636433306237633239386162353032393361646665636237623138223b613a373a7b733a323a226964223b733a323a223335223b733a333a22717479223b643a313b733a353a227072696365223b643a37363030303b733a343a226e616d65223b733a31323a2250697a7a61204372756e6368223b733a353a22696d616765223b733a33363a2235313536323862623863336434303836353034643561333737623633323566652e6a7067223b733a353a22726f776964223b733a33323a223163333833636433306237633239386162353032393361646665636237623138223b733a383a22737562746f74616c223b643a37363030303b7d733a33323a226135626663396530373936346638646464656239356663353834636439363564223b613a373a7b733a323a226964223b733a323a223337223b733a333a22717479223b643a353b733a353a227072696365223b643a38393030303b733a343a226e616d65223b733a31303a2250697a7a6120476c6f77223b733a353a22696d616765223b733a33363a2237343837346166613339616261666165663037343339633863303837343433332e6a7067223b733a353a22726f776964223b733a33323a226135626663396530373936346638646464656239356663353834636439363564223b733a383a22737562746f74616c223b643a3434353030303b7d7d),
('4b2373336310642fca788b2d15b41472a3867951', '127.0.0.1', 1462352789, 0x5f5f63695f6c6173745f726567656e65726174657c693a313436323335323634313b757365726e616d657c733a333a22616a69223b66756c6c6e616d657c733a31353a22416e75677261682053657469616a69223b67726f75707c693a323b636172745f636f6e74656e74737c613a363a7b733a31303a22636172745f746f74616c223b643a3430343030303b733a31313a22746f74616c5f6974656d73223b643a343b733a33323a226533363938353364663736366661343465316564306666363133663536336264223b613a373a7b733a323a226964223b733a323a223334223b733a333a22717479223b643a313b733a353a227072696365223b643a39353030303b733a343a226e616d65223b733a31313a2250697a7a61205461737479223b733a353a22696d616765223b733a33363a2235383934653661633634636565306530663965643137396433616463313335632e6a7067223b733a353a22726f776964223b733a33323a226533363938353364663736366661343465316564306666363133663536336264223b733a383a22737562746f74616c223b643a39353030303b7d733a33323a226135373731626365393365323030633336663763643964666430653564656161223b613a373a7b733a323a226964223b733a323a223338223b733a333a22717479223b643a313b733a353a227072696365223b643a3133303030303b733a343a226e616d65223b733a31323a2250697a7a61204d616d626f6f223b733a353a22696d616765223b733a33363a2233376534343430393838376430363130316436353463666166633936666238362e6a7067223b733a353a22726f776964223b733a33323a226135373731626365393365323030633336663763643964666430653564656161223b733a383a22737562746f74616c223b643a3133303030303b7d733a33323a226135626663396530373936346638646464656239356663353834636439363564223b613a373a7b733a323a226964223b733a323a223337223b733a333a22717479223b643a313b733a353a227072696365223b643a38393030303b733a343a226e616d65223b733a31303a2250697a7a6120476c6f77223b733a353a22696d616765223b733a33363a2237343837346166613339616261666165663037343339633863303837343433332e6a7067223b733a353a22726f776964223b733a33323a226135626663396530373936346638646464656239356663353834636439363564223b733a383a22737562746f74616c223b643a38393030303b7d733a33323a226436343539323065333935666564616437626262656430656361336665326530223b613a373a7b733a323a226964223b733a323a223430223b733a333a22717479223b643a313b733a353a227072696365223b643a39303030303b733a343a226e616d65223b733a31323a2250697a7a61204b69736d6973223b733a353a22696d616765223b733a33363a2231383031653962363661363636303561363038656465393031663831393863642e6a7067223b733a353a22726f776964223b733a33323a226436343539323065333935666564616437626262656430656361336665326530223b733a383a22737562746f74616c223b643a39303030303b7d7d706573616e7c613a333a7b733a373a226d657373616765223b733a36393a2250697a7a61204b69736d697320626572686173696c206469706573616e2e205c6e2053696c61686b616e2063656b206d656e75206b6572616e6a616e67206469617461732e223b733a353a22636c617373223b733a373a2273756363657373223b733a353a227469746c65223b733a383a22426572686173696c223b7d5f5f63695f766172737c613a313a7b733a353a22706573616e223b733a333a226f6c64223b7d),
('5d7d16c7726f4e2228dc95c13f376e266d196a1d', '127.0.0.1', 1462353566, 0x5f5f63695f6c6173745f726567656e65726174657c693a313436323335333536353b757365726e616d657c733a333a22616a69223b66756c6c6e616d657c733a31353a22416e75677261682053657469616a69223b67726f75707c693a323b636172745f636f6e74656e74737c613a363a7b733a31303a22636172745f746f74616c223b643a3430343030303b733a31313a22746f74616c5f6974656d73223b643a343b733a33323a226533363938353364663736366661343465316564306666363133663536336264223b613a373a7b733a323a226964223b733a323a223334223b733a333a22717479223b643a313b733a353a227072696365223b643a39353030303b733a343a226e616d65223b733a31313a2250697a7a61205461737479223b733a353a22696d616765223b733a33363a2235383934653661633634636565306530663965643137396433616463313335632e6a7067223b733a353a22726f776964223b733a33323a226533363938353364663736366661343465316564306666363133663536336264223b733a383a22737562746f74616c223b643a39353030303b7d733a33323a226135373731626365393365323030633336663763643964666430653564656161223b613a373a7b733a323a226964223b733a323a223338223b733a333a22717479223b643a313b733a353a227072696365223b643a3133303030303b733a343a226e616d65223b733a31323a2250697a7a61204d616d626f6f223b733a353a22696d616765223b733a33363a2233376534343430393838376430363130316436353463666166633936666238362e6a7067223b733a353a22726f776964223b733a33323a226135373731626365393365323030633336663763643964666430653564656161223b733a383a22737562746f74616c223b643a3133303030303b7d733a33323a226135626663396530373936346638646464656239356663353834636439363564223b613a373a7b733a323a226964223b733a323a223337223b733a333a22717479223b643a313b733a353a227072696365223b643a38393030303b733a343a226e616d65223b733a31303a2250697a7a6120476c6f77223b733a353a22696d616765223b733a33363a2237343837346166613339616261666165663037343339633863303837343433332e6a7067223b733a353a22726f776964223b733a33323a226135626663396530373936346638646464656239356663353834636439363564223b733a383a22737562746f74616c223b643a38393030303b7d733a33323a226436343539323065333935666564616437626262656430656361336665326530223b613a373a7b733a323a226964223b733a323a223430223b733a333a22717479223b643a313b733a353a227072696365223b643a39303030303b733a343a226e616d65223b733a31323a2250697a7a61204b69736d6973223b733a353a22696d616765223b733a33363a2231383031653962363661363636303561363038656465393031663831393863642e6a7067223b733a353a22726f776964223b733a33323a226436343539323065333935666564616437626262656430656361336665326530223b733a383a22737562746f74616c223b643a39303030303b7d7d);
INSERT INTO `toko_sessions` (`id`, `ip_address`, `timestamp`, `data`) VALUES
('ab84e25b5da4e31c781ca48a53f86b035047c872', '127.0.0.1', 1462353566, 0x5f5f63695f6c6173745f726567656e65726174657c693a313436323335333536363b757365726e616d657c733a333a22616a69223b66756c6c6e616d657c733a31353a22416e75677261682053657469616a69223b67726f75707c693a323b636172745f636f6e74656e74737c613a363a7b733a31303a22636172745f746f74616c223b643a3430343030303b733a31313a22746f74616c5f6974656d73223b643a343b733a33323a226533363938353364663736366661343465316564306666363133663536336264223b613a373a7b733a323a226964223b733a323a223334223b733a333a22717479223b643a313b733a353a227072696365223b643a39353030303b733a343a226e616d65223b733a31313a2250697a7a61205461737479223b733a353a22696d616765223b733a33363a2235383934653661633634636565306530663965643137396433616463313335632e6a7067223b733a353a22726f776964223b733a33323a226533363938353364663736366661343465316564306666363133663536336264223b733a383a22737562746f74616c223b643a39353030303b7d733a33323a226135373731626365393365323030633336663763643964666430653564656161223b613a373a7b733a323a226964223b733a323a223338223b733a333a22717479223b643a313b733a353a227072696365223b643a3133303030303b733a343a226e616d65223b733a31323a2250697a7a61204d616d626f6f223b733a353a22696d616765223b733a33363a2233376534343430393838376430363130316436353463666166633936666238362e6a7067223b733a353a22726f776964223b733a33323a226135373731626365393365323030633336663763643964666430653564656161223b733a383a22737562746f74616c223b643a3133303030303b7d733a33323a226135626663396530373936346638646464656239356663353834636439363564223b613a373a7b733a323a226964223b733a323a223337223b733a333a22717479223b643a313b733a353a227072696365223b643a38393030303b733a343a226e616d65223b733a31303a2250697a7a6120476c6f77223b733a353a22696d616765223b733a33363a2237343837346166613339616261666165663037343339633863303837343433332e6a7067223b733a353a22726f776964223b733a33323a226135626663396530373936346638646464656239356663353834636439363564223b733a383a22737562746f74616c223b643a38393030303b7d733a33323a226436343539323065333935666564616437626262656430656361336665326530223b613a373a7b733a323a226964223b733a323a223430223b733a333a22717479223b643a313b733a353a227072696365223b643a39303030303b733a343a226e616d65223b733a31323a2250697a7a61204b69736d6973223b733a353a22696d616765223b733a33363a2231383031653962363661363636303561363038656465393031663831393863642e6a7067223b733a353a22726f776964223b733a33323a226436343539323065333935666564616437626262656430656361336665326530223b733a383a22737562746f74616c223b643a39303030303b7d7d),
('6229170d4e3f567603e4c8d4c9e03f3484d05594', '127.0.0.1', 1462353566, 0x5f5f63695f6c6173745f726567656e65726174657c693a313436323335333536363b757365726e616d657c733a333a22616a69223b66756c6c6e616d657c733a31353a22416e75677261682053657469616a69223b67726f75707c693a323b636172745f636f6e74656e74737c613a363a7b733a31303a22636172745f746f74616c223b643a3430343030303b733a31313a22746f74616c5f6974656d73223b643a343b733a33323a226533363938353364663736366661343465316564306666363133663536336264223b613a373a7b733a323a226964223b733a323a223334223b733a333a22717479223b643a313b733a353a227072696365223b643a39353030303b733a343a226e616d65223b733a31313a2250697a7a61205461737479223b733a353a22696d616765223b733a33363a2235383934653661633634636565306530663965643137396433616463313335632e6a7067223b733a353a22726f776964223b733a33323a226533363938353364663736366661343465316564306666363133663536336264223b733a383a22737562746f74616c223b643a39353030303b7d733a33323a226135373731626365393365323030633336663763643964666430653564656161223b613a373a7b733a323a226964223b733a323a223338223b733a333a22717479223b643a313b733a353a227072696365223b643a3133303030303b733a343a226e616d65223b733a31323a2250697a7a61204d616d626f6f223b733a353a22696d616765223b733a33363a2233376534343430393838376430363130316436353463666166633936666238362e6a7067223b733a353a22726f776964223b733a33323a226135373731626365393365323030633336663763643964666430653564656161223b733a383a22737562746f74616c223b643a3133303030303b7d733a33323a226135626663396530373936346638646464656239356663353834636439363564223b613a373a7b733a323a226964223b733a323a223337223b733a333a22717479223b643a313b733a353a227072696365223b643a38393030303b733a343a226e616d65223b733a31303a2250697a7a6120476c6f77223b733a353a22696d616765223b733a33363a2237343837346166613339616261666165663037343339633863303837343433332e6a7067223b733a353a22726f776964223b733a33323a226135626663396530373936346638646464656239356663353834636439363564223b733a383a22737562746f74616c223b643a38393030303b7d733a33323a226436343539323065333935666564616437626262656430656361336665326530223b613a373a7b733a323a226964223b733a323a223430223b733a333a22717479223b643a313b733a353a227072696365223b643a39303030303b733a343a226e616d65223b733a31323a2250697a7a61204b69736d6973223b733a353a22696d616765223b733a33363a2231383031653962363661363636303561363038656465393031663831393863642e6a7067223b733a353a22726f776964223b733a33323a226436343539323065333935666564616437626262656430656361336665326530223b733a383a22737562746f74616c223b643a39303030303b7d7d),
('4cd9933baf4dca866a703a96531e471ba8cc44d8', '127.0.0.1', 1462353566, 0x5f5f63695f6c6173745f726567656e65726174657c693a313436323335333536363b757365726e616d657c733a333a22616a69223b66756c6c6e616d657c733a31353a22416e75677261682053657469616a69223b67726f75707c693a323b636172745f636f6e74656e74737c613a363a7b733a31303a22636172745f746f74616c223b643a3430343030303b733a31313a22746f74616c5f6974656d73223b643a343b733a33323a226533363938353364663736366661343465316564306666363133663536336264223b613a373a7b733a323a226964223b733a323a223334223b733a333a22717479223b643a313b733a353a227072696365223b643a39353030303b733a343a226e616d65223b733a31313a2250697a7a61205461737479223b733a353a22696d616765223b733a33363a2235383934653661633634636565306530663965643137396433616463313335632e6a7067223b733a353a22726f776964223b733a33323a226533363938353364663736366661343465316564306666363133663536336264223b733a383a22737562746f74616c223b643a39353030303b7d733a33323a226135373731626365393365323030633336663763643964666430653564656161223b613a373a7b733a323a226964223b733a323a223338223b733a333a22717479223b643a313b733a353a227072696365223b643a3133303030303b733a343a226e616d65223b733a31323a2250697a7a61204d616d626f6f223b733a353a22696d616765223b733a33363a2233376534343430393838376430363130316436353463666166633936666238362e6a7067223b733a353a22726f776964223b733a33323a226135373731626365393365323030633336663763643964666430653564656161223b733a383a22737562746f74616c223b643a3133303030303b7d733a33323a226135626663396530373936346638646464656239356663353834636439363564223b613a373a7b733a323a226964223b733a323a223337223b733a333a22717479223b643a313b733a353a227072696365223b643a38393030303b733a343a226e616d65223b733a31303a2250697a7a6120476c6f77223b733a353a22696d616765223b733a33363a2237343837346166613339616261666165663037343339633863303837343433332e6a7067223b733a353a22726f776964223b733a33323a226135626663396530373936346638646464656239356663353834636439363564223b733a383a22737562746f74616c223b643a38393030303b7d733a33323a226436343539323065333935666564616437626262656430656361336665326530223b613a373a7b733a323a226964223b733a323a223430223b733a333a22717479223b643a313b733a353a227072696365223b643a39303030303b733a343a226e616d65223b733a31323a2250697a7a61204b69736d6973223b733a353a22696d616765223b733a33363a2231383031653962363661363636303561363038656465393031663831393863642e6a7067223b733a353a22726f776964223b733a33323a226436343539323065333935666564616437626262656430656361336665326530223b733a383a22737562746f74616c223b643a39303030303b7d7d),
('4c32dca5bec45b45ff63778ff44087e3314dcf8c', '127.0.0.1', 1462355969, 0x5f5f63695f6c6173745f726567656e65726174657c693a313436323335353731373b757365726e616d657c733a333a22616a69223b66756c6c6e616d657c733a31353a22416e75677261682053657469616a69223b67726f75707c693a323b636172745f636f6e74656e74737c613a363a7b733a31303a22636172745f746f74616c223b643a3430343030303b733a31313a22746f74616c5f6974656d73223b643a343b733a33323a226533363938353364663736366661343465316564306666363133663536336264223b613a373a7b733a323a226964223b733a323a223334223b733a333a22717479223b643a313b733a353a227072696365223b643a39353030303b733a343a226e616d65223b733a31313a2250697a7a61205461737479223b733a353a22696d616765223b733a33363a2235383934653661633634636565306530663965643137396433616463313335632e6a7067223b733a353a22726f776964223b733a33323a226533363938353364663736366661343465316564306666363133663536336264223b733a383a22737562746f74616c223b643a39353030303b7d733a33323a226135373731626365393365323030633336663763643964666430653564656161223b613a373a7b733a323a226964223b733a323a223338223b733a333a22717479223b643a313b733a353a227072696365223b643a3133303030303b733a343a226e616d65223b733a31323a2250697a7a61204d616d626f6f223b733a353a22696d616765223b733a33363a2233376534343430393838376430363130316436353463666166633936666238362e6a7067223b733a353a22726f776964223b733a33323a226135373731626365393365323030633336663763643964666430653564656161223b733a383a22737562746f74616c223b643a3133303030303b7d733a33323a226135626663396530373936346638646464656239356663353834636439363564223b613a373a7b733a323a226964223b733a323a223337223b733a333a22717479223b643a313b733a353a227072696365223b643a38393030303b733a343a226e616d65223b733a31303a2250697a7a6120476c6f77223b733a353a22696d616765223b733a33363a2237343837346166613339616261666165663037343339633863303837343433332e6a7067223b733a353a22726f776964223b733a33323a226135626663396530373936346638646464656239356663353834636439363564223b733a383a22737562746f74616c223b643a38393030303b7d733a33323a226436343539323065333935666564616437626262656430656361336665326530223b613a373a7b733a323a226964223b733a323a223430223b733a333a22717479223b643a313b733a353a227072696365223b643a39303030303b733a343a226e616d65223b733a31323a2250697a7a61204b69736d6973223b733a353a22696d616765223b733a33363a2231383031653962363661363636303561363038656465393031663831393863642e6a7067223b733a353a22726f776964223b733a33323a226436343539323065333935666564616437626262656430656361336665326530223b733a383a22737562746f74616c223b643a39303030303b7d7d),
('1687f80371939075aeef6d7165d287e6e55653c1', '127.0.0.1', 1462356557, 0x5f5f63695f6c6173745f726567656e65726174657c693a313436323335363534383b757365726e616d657c733a333a22616a69223b66756c6c6e616d657c733a31353a22416e75677261682053657469616a69223b67726f75707c693a323b636172745f636f6e74656e74737c613a363a7b733a31303a22636172745f746f74616c223b643a3430343030303b733a31313a22746f74616c5f6974656d73223b643a343b733a33323a226533363938353364663736366661343465316564306666363133663536336264223b613a373a7b733a323a226964223b733a323a223334223b733a333a22717479223b643a313b733a353a227072696365223b643a39353030303b733a343a226e616d65223b733a31313a2250697a7a61205461737479223b733a353a22696d616765223b733a33363a2235383934653661633634636565306530663965643137396433616463313335632e6a7067223b733a353a22726f776964223b733a33323a226533363938353364663736366661343465316564306666363133663536336264223b733a383a22737562746f74616c223b643a39353030303b7d733a33323a226135373731626365393365323030633336663763643964666430653564656161223b613a373a7b733a323a226964223b733a323a223338223b733a333a22717479223b643a313b733a353a227072696365223b643a3133303030303b733a343a226e616d65223b733a31323a2250697a7a61204d616d626f6f223b733a353a22696d616765223b733a33363a2233376534343430393838376430363130316436353463666166633936666238362e6a7067223b733a353a22726f776964223b733a33323a226135373731626365393365323030633336663763643964666430653564656161223b733a383a22737562746f74616c223b643a3133303030303b7d733a33323a226135626663396530373936346638646464656239356663353834636439363564223b613a373a7b733a323a226964223b733a323a223337223b733a333a22717479223b643a313b733a353a227072696365223b643a38393030303b733a343a226e616d65223b733a31303a2250697a7a6120476c6f77223b733a353a22696d616765223b733a33363a2237343837346166613339616261666165663037343339633863303837343433332e6a7067223b733a353a22726f776964223b733a33323a226135626663396530373936346638646464656239356663353834636439363564223b733a383a22737562746f74616c223b643a38393030303b7d733a33323a226436343539323065333935666564616437626262656430656361336665326530223b613a373a7b733a323a226964223b733a323a223430223b733a333a22717479223b643a313b733a353a227072696365223b643a39303030303b733a343a226e616d65223b733a31323a2250697a7a61204b69736d6973223b733a353a22696d616765223b733a33363a2231383031653962363661363636303561363038656465393031663831393863642e6a7067223b733a353a22726f776964223b733a33323a226436343539323065333935666564616437626262656430656361336665326530223b733a383a22737562746f74616c223b643a39303030303b7d7d),
('9a76ff29e8db0ee6a716cbb884a350cb20595b6a', '127.0.0.1', 1462357162, 0x5f5f63695f6c6173745f726567656e65726174657c693a313436323335363932393b757365726e616d657c733a333a22616a69223b66756c6c6e616d657c733a31353a22416e75677261682053657469616a69223b67726f75707c693a323b636172745f636f6e74656e74737c613a363a7b733a31303a22636172745f746f74616c223b643a3430343030303b733a31313a22746f74616c5f6974656d73223b643a343b733a33323a226533363938353364663736366661343465316564306666363133663536336264223b613a373a7b733a323a226964223b733a323a223334223b733a333a22717479223b643a313b733a353a227072696365223b643a39353030303b733a343a226e616d65223b733a31313a2250697a7a61205461737479223b733a353a22696d616765223b733a33363a2235383934653661633634636565306530663965643137396433616463313335632e6a7067223b733a353a22726f776964223b733a33323a226533363938353364663736366661343465316564306666363133663536336264223b733a383a22737562746f74616c223b643a39353030303b7d733a33323a226135373731626365393365323030633336663763643964666430653564656161223b613a373a7b733a323a226964223b733a323a223338223b733a333a22717479223b643a313b733a353a227072696365223b643a3133303030303b733a343a226e616d65223b733a31323a2250697a7a61204d616d626f6f223b733a353a22696d616765223b733a33363a2233376534343430393838376430363130316436353463666166633936666238362e6a7067223b733a353a22726f776964223b733a33323a226135373731626365393365323030633336663763643964666430653564656161223b733a383a22737562746f74616c223b643a3133303030303b7d733a33323a226135626663396530373936346638646464656239356663353834636439363564223b613a373a7b733a323a226964223b733a323a223337223b733a333a22717479223b643a313b733a353a227072696365223b643a38393030303b733a343a226e616d65223b733a31303a2250697a7a6120476c6f77223b733a353a22696d616765223b733a33363a2237343837346166613339616261666165663037343339633863303837343433332e6a7067223b733a353a22726f776964223b733a33323a226135626663396530373936346638646464656239356663353834636439363564223b733a383a22737562746f74616c223b643a38393030303b7d733a33323a226436343539323065333935666564616437626262656430656361336665326530223b613a373a7b733a323a226964223b733a323a223430223b733a333a22717479223b643a313b733a353a227072696365223b643a39303030303b733a343a226e616d65223b733a31323a2250697a7a61204b69736d6973223b733a353a22696d616765223b733a33363a2231383031653962363661363636303561363038656465393031663831393863642e6a7067223b733a353a22726f776964223b733a33323a226436343539323065333935666564616437626262656430656361336665326530223b733a383a22737562746f74616c223b643a39303030303b7d7d),
('ee5b3c7130f442f5438781e536c8b3d0cbcec8e1', '127.0.0.1', 1462357504, 0x5f5f63695f6c6173745f726567656e65726174657c693a313436323335373234373b757365726e616d657c733a333a22616a69223b66756c6c6e616d657c733a31353a22416e75677261682053657469616a69223b67726f75707c693a323b636172745f636f6e74656e74737c613a363a7b733a31303a22636172745f746f74616c223b643a3838333030303b733a31313a22746f74616c5f6974656d73223b643a383b733a33323a226533363938353364663736366661343465316564306666363133663536336264223b613a373a7b733a323a226964223b733a323a223334223b733a333a22717479223b643a313b733a353a227072696365223b643a39353030303b733a343a226e616d65223b733a31313a2250697a7a61205461737479223b733a353a22696d616765223b733a33363a2235383934653661633634636565306530663965643137396433616463313335632e6a7067223b733a353a22726f776964223b733a33323a226533363938353364663736366661343465316564306666363133663536336264223b733a383a22737562746f74616c223b643a39353030303b7d733a33323a226135373731626365393365323030633336663763643964666430653564656161223b613a373a7b733a323a226964223b733a323a223338223b733a333a22717479223b643a343b733a353a227072696365223b643a3133303030303b733a343a226e616d65223b733a31323a2250697a7a61204d616d626f6f223b733a353a22696d616765223b733a33363a2233376534343430393838376430363130316436353463666166633936666238362e6a7067223b733a353a22726f776964223b733a33323a226135373731626365393365323030633336663763643964666430653564656161223b733a383a22737562746f74616c223b643a3532303030303b7d733a33323a226135626663396530373936346638646464656239356663353834636439363564223b613a373a7b733a323a226964223b733a323a223337223b733a333a22717479223b643a323b733a353a227072696365223b643a38393030303b733a343a226e616d65223b733a31303a2250697a7a6120476c6f77223b733a353a22696d616765223b733a33363a2237343837346166613339616261666165663037343339633863303837343433332e6a7067223b733a353a22726f776964223b733a33323a226135626663396530373936346638646464656239356663353834636439363564223b733a383a22737562746f74616c223b643a3137383030303b7d733a33323a226436343539323065333935666564616437626262656430656361336665326530223b613a373a7b733a323a226964223b733a323a223430223b733a333a22717479223b643a313b733a353a227072696365223b643a39303030303b733a343a226e616d65223b733a31323a2250697a7a61204b69736d6973223b733a353a22696d616765223b733a33363a2231383031653962363661363636303561363038656465393031663831393863642e6a7067223b733a353a22726f776964223b733a33323a226436343539323065333935666564616437626262656430656361336665326530223b733a383a22737562746f74616c223b643a39303030303b7d7d),
('b589f1c82358aff0d724b8adb7cb11bbcc51bf32', '127.0.0.1', 1462357725, 0x5f5f63695f6c6173745f726567656e65726174657c693a313436323335373536373b757365726e616d657c733a333a22616a69223b66756c6c6e616d657c733a31353a22416e75677261682053657469616a69223b67726f75707c693a323b),
('8433cf8cacdb4ff55af19807bb493a71bb112847', '127.0.0.1', 1462359394, 0x5f5f63695f6c6173745f726567656e65726174657c693a313436323335393334343b757365726e616d657c733a353a2261646d696e223b66756c6c6e616d657c733a31333a2241646d696e6973747261746f72223b67726f75707c733a313a2231223b),
('61707a12f7bea02ae4dbeedcf057346425523ab5', '127.0.0.1', 1462359796, 0x5f5f63695f6c6173745f726567656e65726174657c693a313436323335393634353b757365726e616d657c733a353a2261646d696e223b66756c6c6e616d657c733a31333a2241646d696e6973747261746f72223b67726f75707c733a313a2231223b),
('9cac6e47706f3aad076402c15d73818a5adeebff', '127.0.0.1', 1462362682, 0x5f5f63695f6c6173745f726567656e65726174657c693a313436323336323430343b757365726e616d657c733a353a2261646d696e223b66756c6c6e616d657c733a31333a2241646d696e6973747261746f72223b67726f75707c733a313a2231223b),
('d39671c0f47d796703f89da191335c414af14f02', '127.0.0.1', 1462362765, 0x5f5f63695f6c6173745f726567656e65726174657c693a313436323336323732323b757365726e616d657c733a353a2261646d696e223b66756c6c6e616d657c733a31333a2241646d696e6973747261746f72223b67726f75707c733a313a2231223b),
('dd832048a9902a4c8e8e72fc994c90e2c764c460', '127.0.0.1', 1462363695, 0x5f5f63695f6c6173745f726567656e65726174657c693a313436323336333633373b757365726e616d657c733a353a2261646d696e223b66756c6c6e616d657c733a31333a2241646d696e6973747261746f72223b67726f75707c733a313a2231223b706573616e7c613a333a7b733a373a226d657373616765223b733a33303a2246616b7475722023313420626572686173696c206469736574756a75692e223b733a353a22636c617373223b733a373a2273756363657373223b733a353a227469746c65223b733a363a2253756b736573223b7d5f5f63695f766172737c613a313a7b733a353a22706573616e223b733a333a226f6c64223b7d),
('00e8e2cb3b774e83c80fc5c8da1a3c82012a2d16', '127.0.0.1', 1462366095, 0x5f5f63695f6c6173745f726567656e65726174657c693a313436323336363032343b757365726e616d657c733a353a2261646d696e223b66756c6c6e616d657c733a31333a2241646d696e6973747261746f72223b67726f75707c733a313a2231223b),
('31e9d490fb4c194a42e17094acdbdbfa02860831', '127.0.0.1', 1462367145, 0x5f5f63695f6c6173745f726567656e65726174657c693a313436323336363835313b757365726e616d657c733a353a2261646d696e223b66756c6c6e616d657c733a31333a2241646d696e6973747261746f72223b67726f75707c733a313a2231223b),
('73baf0de2e81b46fe6821c4973915f976a3b7a84', '127.0.0.1', 1462367403, 0x5f5f63695f6c6173745f726567656e65726174657c693a313436323336373135333b757365726e616d657c733a353a2261646d696e223b66756c6c6e616d657c733a31333a2241646d696e6973747261746f72223b67726f75707c733a313a2231223b),
('258bf3591d718711be82402780966045b6199fbe', '127.0.0.1', 1462367846, 0x5f5f63695f6c6173745f726567656e65726174657c693a313436323336373536393b757365726e616d657c733a343a22616e6479223b66756c6c6e616d657c733a383a22416e6479204e7572223b67726f75707c733a313a2232223b),
('0ea79b4827a0225b0db882d96188e920e9b150d7', '127.0.0.1', 1462370062, 0x5f5f63695f6c6173745f726567656e65726174657c693a313436323336393838353b),
('4560dbc89d608ac4728050aa95826b88666f150c', '127.0.0.1', 1462370519, 0x5f5f63695f6c6173745f726567656e65726174657c693a313436323337303235383b),
('251bee65ad91ab8ad8332635bb2a01f80fb95fed', '127.0.0.1', 1462371153, 0x5f5f63695f6c6173745f726567656e65726174657c693a313436323337303835343b),
('4da62665ed9a5fffdbd807f7026521e5adf6e93d', '127.0.0.1', 1462371457, 0x5f5f63695f6c6173745f726567656e65726174657c693a313436323337313136333b),
('50868d8bbe02828de666b034364dacdb57c9edd3', '127.0.0.1', 1462371829, 0x5f5f63695f6c6173745f726567656e65726174657c693a313436323337313534343b),
('64e847e6cb96b206428b3ef923e5010d58a61037', '127.0.0.1', 1462372434, 0x5f5f63695f6c6173745f726567656e65726174657c693a313436323337323133393b757365726e616d657c733a343a22616e6479223b66756c6c6e616d657c733a383a22416e6479204e7572223b67726f75707c733a313a2232223b),
('dbc3498bc13dc67313d9fb0c3e765635ad3c681d', '127.0.0.1', 1462372560, 0x5f5f63695f6c6173745f726567656e65726174657c693a313436323337323437353b757365726e616d657c733a343a22616e6479223b66756c6c6e616d657c733a383a22416e6479204e7572223b67726f75707c733a313a2232223b),
('c1633815ffdbd994138d7712a02ccfcd7eb86a3e', '127.0.0.1', 1462404459, 0x5f5f63695f6c6173745f726567656e65726174657c693a313436323430343435393b),
('6847a6e46d1937a77b919cbd3edec588e5a63199', '127.0.0.1', 1462404714, 0x5f5f63695f6c6173745f726567656e65726174657c693a313436323430343435393b757365726e616d657c733a343a22616e6479223b66756c6c6e616d657c733a383a22416e6479204e7572223b67726f75707c733a313a2232223b),
('5b22259f249e98b731ce11dad58f5426892e638d', '127.0.0.1', 1462404904, 0x5f5f63695f6c6173745f726567656e65726174657c693a313436323430343836323b757365726e616d657c733a343a22616e6479223b66756c6c6e616d657c733a383a22416e6479204e7572223b67726f75707c733a313a2232223b636172745f636f6e74656e74737c613a343a7b733a31303a22636172745f746f74616c223b643a3430343030303b733a31313a22746f74616c5f6974656d73223b643a343b733a33323a226135626663396530373936346638646464656239356663353834636439363564223b613a373a7b733a323a226964223b733a323a223337223b733a333a22717479223b643a313b733a353a227072696365223b643a38393030303b733a343a226e616d65223b733a31303a2250697a7a6120476c6f77223b733a353a22696d616765223b733a33363a2237343837346166613339616261666165663037343339633863303837343433332e6a7067223b733a353a22726f776964223b733a33323a226135626663396530373936346638646464656239356663353834636439363564223b733a383a22737562746f74616c223b643a38393030303b7d733a33323a223139636131346537656136333238613432653065623133643538356534633232223b613a373a7b733a323a226964223b733a323a223336223b733a333a22717479223b643a333b733a353a227072696365223b643a3130353030303b733a343a226e616d65223b733a31353a2250697a7a61204d6f7a6172656c6c61223b733a353a22696d616765223b733a33363a2239333839363532316532623265306565376266353962376162353130333035622e6a7067223b733a353a22726f776964223b733a33323a223139636131346537656136333238613432653065623133643538356534633232223b733a383a22737562746f74616c223b643a3331353030303b7d7d),
('807bbf1f0da8ba1bce3a7fc721302751d36b05bb', '127.0.0.1', 1462405919, 0x5f5f63695f6c6173745f726567656e65726174657c693a313436323430353635383b757365726e616d657c733a343a22616e6479223b66756c6c6e616d657c733a383a22416e6479204e7572223b67726f75707c733a313a2232223b706573616e7c613a333a7b733a373a226d657373616765223b733a33303a225374617475732066616b74757220626572686173696c206469756261682e223b733a353a22636c617373223b733a373a2273756363657373223b733a353a227469746c65223b733a343a22496e666f223b7d5f5f63695f766172737c613a313a7b733a353a22706573616e223b733a333a226f6c64223b7d),
('469201a8fdb3ff6d6e578b6112d3ff72b7c98259', '127.0.0.1', 1462406032, 0x5f5f63695f6c6173745f726567656e65726174657c693a313436323430353939373b757365726e616d657c733a343a22616e6479223b66756c6c6e616d657c733a383a22416e6479204e7572223b67726f75707c733a313a2232223b),
('0a63696ae7d51036db87b2e77497dd5137515da9', '127.0.0.1', 1462406917, 0x5f5f63695f6c6173745f726567656e65726174657c693a313436323430363836383b757365726e616d657c733a343a22616e6479223b66756c6c6e616d657c733a383a22416e6479204e7572223b67726f75707c733a313a2232223b),
('bca7c0b4ee6333b2a73507833a8f323a2c014611', '127.0.0.1', 1462407498, 0x5f5f63695f6c6173745f726567656e65726174657c693a313436323430373234343b757365726e616d657c733a343a22616e6479223b66756c6c6e616d657c733a383a22416e6479204e7572223b67726f75707c733a313a2232223b),
('623d17f706bb02f3d3bdc2999b44b48509c9e828', '127.0.0.1', 1462407785, 0x5f5f63695f6c6173745f726567656e65726174657c693a313436323430373537393b757365726e616d657c733a343a22616e6479223b66756c6c6e616d657c733a383a22416e6479204e7572223b67726f75707c733a313a2232223b),
('686973718f760e81a125798121fa23e5361f519a', '127.0.0.1', 1462408139, 0x5f5f63695f6c6173745f726567656e65726174657c693a313436323430383031303b757365726e616d657c733a343a22616e6479223b66756c6c6e616d657c733a383a22416e6479204e7572223b67726f75707c733a313a2232223b),
('79626fab0c98a875a0977d90978e461f566e295f', '127.0.0.1', 1462408728, 0x5f5f63695f6c6173745f726567656e65726174657c693a313436323430383434353b757365726e616d657c733a343a22616e6479223b66756c6c6e616d657c733a383a22416e6479204e7572223b67726f75707c733a313a2232223b),
('003910ea3b2555b2a2dffe1e89eec476d0ca3830', '127.0.0.1', 1462408885, 0x5f5f63695f6c6173745f726567656e65726174657c693a313436323430383834343b757365726e616d657c733a343a22616e6479223b66756c6c6e616d657c733a383a22416e6479204e7572223b67726f75707c733a313a2232223b),
('4ca173d724492d5986c80e27d2013f738d3c0865', '127.0.0.1', 1462409698, 0x5f5f63695f6c6173745f726567656e65726174657c693a313436323430393430363b757365726e616d657c733a343a22616e6479223b66756c6c6e616d657c733a383a22416e6479204e7572223b67726f75707c733a313a2232223b),
('c66dfd2b700e17ec4faf600c59de3bd51d0f64bc', '127.0.0.1', 1462410067, 0x5f5f63695f6c6173745f726567656e65726174657c693a313436323430393737323b757365726e616d657c733a343a22616e6479223b66756c6c6e616d657c733a383a22416e6479204e7572223b67726f75707c733a313a2232223b),
('7b56d1cb41ed471bdc7e5e698ceb3a82654b4a3f', '127.0.0.1', 1462410357, 0x5f5f63695f6c6173745f726567656e65726174657c693a313436323431303039313b757365726e616d657c733a343a22616e6479223b66756c6c6e616d657c733a383a22416e6479204e7572223b67726f75707c733a313a2232223b),
('72f748bed0792fb1350e0cd6997a9dfb25178db1', '127.0.0.1', 1462410921, 0x5f5f63695f6c6173745f726567656e65726174657c693a313436323431303633393b757365726e616d657c733a343a22616e6479223b66756c6c6e616d657c733a383a22416e6479204e7572223b67726f75707c733a313a2232223b),
('c340f2194a1d33ace28eb3038f799687965cc5e6', '127.0.0.1', 1462411204, 0x5f5f63695f6c6173745f726567656e65726174657c693a313436323431303934353b757365726e616d657c733a343a22616e6479223b66756c6c6e616d657c733a383a22416e6479204e7572223b67726f75707c733a313a2232223b),
('4bb74ca4f0a959cfb3ec069006abe344401a5b03', '127.0.0.1', 1462411522, 0x5f5f63695f6c6173745f726567656e65726174657c693a313436323431313235303b757365726e616d657c733a343a22616e6479223b66756c6c6e616d657c733a383a22416e6479204e7572223b67726f75707c733a313a2232223b),
('54f7c2c32a8a7d463e97868b106a0f8f746dc8aa', '127.0.0.1', 1462411620, 0x5f5f63695f6c6173745f726567656e65726174657c693a313436323431313631333b757365726e616d657c733a343a22616e6479223b66756c6c6e616d657c733a383a22416e6479204e7572223b67726f75707c733a313a2232223b),
('7b31a0725734beb710bf4d44213c80a163918a57', '127.0.0.1', 1462412608, 0x5f5f63695f6c6173745f726567656e65726174657c693a313436323431323333393b757365726e616d657c733a343a22616e6479223b66756c6c6e616d657c733a383a22416e6479204e7572223b67726f75707c733a313a2232223b),
('4ff3e2c4696f0e5baf7fec88443b6d37fc7f3ec8', '127.0.0.1', 1462412971, 0x5f5f63695f6c6173745f726567656e65726174657c693a313436323431323637323b757365726e616d657c733a343a22616e6479223b66756c6c6e616d657c733a383a22416e6479204e7572223b67726f75707c733a313a2232223b),
('86aac82f7d5f6347c3322ab996e620dd40cd617c', '127.0.0.1', 1462413201, 0x5f5f63695f6c6173745f726567656e65726174657c693a313436323431323938393b757365726e616d657c733a343a22616e6479223b66756c6c6e616d657c733a383a22416e6479204e7572223b67726f75707c733a313a2232223b),
('6e24cf4f89d02d2f6e13175d53d5dfeb5bc99d08', '127.0.0.1', 1462413746, 0x5f5f63695f6c6173745f726567656e65726174657c693a313436323431333436393b757365726e616d657c733a353a2261646d696e223b66756c6c6e616d657c733a31333a2241646d696e6973747261746f72223b67726f75707c733a313a2231223b),
('7fff602f0d88e62e5e0aa118ba37e487789abe12', '127.0.0.1', 1462413965, 0x5f5f63695f6c6173745f726567656e65726174657c693a313436323431333930393b757365726e616d657c733a353a2261646d696e223b66756c6c6e616d657c733a31333a2241646d696e6973747261746f72223b67726f75707c733a313a2231223b),
('9a9dd6ac55c6fdaa6ac11e27edbc9c814d3ffda7', '127.0.0.1', 1462414265, 0x5f5f63695f6c6173745f726567656e65726174657c693a313436323431343236353b757365726e616d657c733a353a2261646d696e223b66756c6c6e616d657c733a31333a2241646d696e6973747261746f72223b67726f75707c733a313a2231223b),
('3bc08009a0945d1b51824c02cfdcebe38146dc5c', '127.0.0.1', 1462414865, 0x5f5f63695f6c6173745f726567656e65726174657c693a313436323431343631353b757365726e616d657c733a353a2261646d696e223b66756c6c6e616d657c733a31333a2241646d696e6973747261746f72223b67726f75707c733a313a2231223b),
('6ee7967abb56e4a6b59688667fd10f91865268bd', '127.0.0.1', 1462415031, 0x5f5f63695f6c6173745f726567656e65726174657c693a313436323431353033313b757365726e616d657c733a353a2261646d696e223b66756c6c6e616d657c733a31333a2241646d696e6973747261746f72223b67726f75707c733a313a2231223b),
('6f0ef5096f2f777328bb922a8d8ca3a122b1ccc6', '127.0.0.1', 1462415799, 0x5f5f63695f6c6173745f726567656e65726174657c693a313436323431353632313b757365726e616d657c733a353a2261646d696e223b66756c6c6e616d657c733a31333a2241646d696e6973747261746f72223b67726f75707c733a313a2231223b),
('229b158c55e12cc510eec01a0f89db86d440c483', '127.0.0.1', 1462416218, 0x5f5f63695f6c6173745f726567656e65726174657c693a313436323431353932383b757365726e616d657c733a353a2261646d696e223b66756c6c6e616d657c733a31333a2241646d696e6973747261746f72223b67726f75707c733a313a2231223b),
('dff5c9e4f37c03ad31e5034357154f8e4516fed3', '127.0.0.1', 1462416515, 0x5f5f63695f6c6173745f726567656e65726174657c693a313436323431363235393b757365726e616d657c733a353a2261646d696e223b66756c6c6e616d657c733a31333a2241646d696e6973747261746f72223b67726f75707c733a313a2231223b),
('1934b1eeb5ba1cf0c3d5992d3166b64bc1faacea', '127.0.0.1', 1462416859, 0x5f5f63695f6c6173745f726567656e65726174657c693a313436323431363538303b757365726e616d657c733a353a2261646d696e223b66756c6c6e616d657c733a31333a2241646d696e6973747261746f72223b67726f75707c733a313a2231223b),
('ef7413e095fc440f93ca96cceb25b36707a75182', '127.0.0.1', 1462417176, 0x5f5f63695f6c6173745f726567656e65726174657c693a313436323431363839313b757365726e616d657c733a353a2261646d696e223b66756c6c6e616d657c733a31333a2241646d696e6973747261746f72223b67726f75707c733a313a2231223b),
('32624298c4608cfe7eecc2b2723c4b5b04d16a13', '127.0.0.1', 1462417242, 0x5f5f63695f6c6173745f726567656e65726174657c693a313436323431373139333b757365726e616d657c733a353a2261646d696e223b66756c6c6e616d657c733a31333a2241646d696e6973747261746f72223b67726f75707c733a313a2231223b);

-- --------------------------------------------------------

--
-- Table structure for table `users`
--

CREATE TABLE IF NOT EXISTS `users` (
  `id` int(10) NOT NULL AUTO_INCREMENT,
  `username` varchar(25) NOT NULL,
  `password` varchar(60) NOT NULL,
  `fullname` varchar(60) NOT NULL,
  `email` varchar(60) NOT NULL,
  `address` text NOT NULL,
  `phone` varchar(30) NOT NULL,
  `zip` varchar(15) NOT NULL,
  `group_id` tinyint(1) NOT NULL,
  PRIMARY KEY (`id`),
  KEY `group_id` (`group_id`)
) ENGINE=InnoDB  DEFAULT CHARSET=latin1 AUTO_INCREMENT=7 ;

--
-- Dumping data for table `users`
--

INSERT INTO `users` (`id`, `username`, `password`, `fullname`, `email`, `address`, `phone`, `zip`, `group_id`) VALUES
(1, 'admin', 'admin', 'Administrator', '', '-', '-', '-', 1),
(2, 'andy', 'secure', 'Andy Nur', 'andylulz@yahoo.com', 'Jl. Pattimura\r\nGg. Bustani Ali\r\nSamarinda', '081250053970', '75133', 2),
(3, 'tes', 'tes', 'Testing', '', '-', '-', '-', 2),
(4, 'nadya', 'qweasd', 'Nadya Indah', 'nadya@mymail.com', 'Bandung City', '081250056852', '75132', 2),
(5, 'dodol', 'asem', 'Dodol', 'dodol@mxmail.com', 'Jl. pelajaran\r\nBandung', '081250056852', '75132', 2),
(6, 'aji', 'secure', 'Anugrah Setiaji', 'anugrahseti@aji.com', 'Jl. Pertukangan Semarang', '081250056852', '75133', 2);

--
-- Constraints for dumped tables
--

--
-- Constraints for table `invoices`
--
ALTER TABLE `invoices`
  ADD CONSTRAINT `invoices_ibfk_2` FOREIGN KEY (`confirmation_id`) REFERENCES `confirmations` (`id`) ON DELETE CASCADE ON UPDATE CASCADE,
  ADD CONSTRAINT `invoices_ibfk_1` FOREIGN KEY (`user_id`) REFERENCES `users` (`id`) ON DELETE CASCADE ON UPDATE CASCADE;

--
-- Constraints for table `orders`
--
ALTER TABLE `orders`
  ADD CONSTRAINT `orders_ibfk_1` FOREIGN KEY (`invoice_id`) REFERENCES `invoices` (`id`) ON DELETE CASCADE ON UPDATE CASCADE,
  ADD CONSTRAINT `orders_ibfk_2` FOREIGN KEY (`product_id`) REFERENCES `products` (`id`) ON DELETE CASCADE ON UPDATE CASCADE;

--
-- Constraints for table `users`
--
ALTER TABLE `users`
  ADD CONSTRAINT `users_ibfk_1` FOREIGN KEY (`group_id`) REFERENCES `groups` (`id`) ON DELETE CASCADE ON UPDATE CASCADE;

/*!40101 SET CHARACTER_SET_CLIENT=@OLD_CHARACTER_SET_CLIENT */;
/*!40101 SET CHARACTER_SET_RESULTS=@OLD_CHARACTER_SET_RESULTS */;
/*!40101 SET COLLATION_CONNECTION=@OLD_COLLATION_CONNECTION */;
